組成品號,版本,製程,材料(半成品),版本,用量,係數,lastUpdatedDate,順序
BCRE25256DN,D,PDGF,ACRE25256DN,,1,1,2018/3/1 12:00:00,1
BCRE25256DN,D,PDCA,,,1,1,2018/3/1 12:00:00,2
BCRE25256DN,D,PDSA,PUCU4N0A  M0196,,1,1,2018/3/1 12:00:00,4
BCRE25256DN,D,PDPS,,,1,1,2018/3/1 12:00:00,5
BCRE25256DN,D,PDBA,PHAF5590M1M0213,,1,1,2018/3/1 12:00:00,6
BCRE25256DN,D,PDEE,,,1,1,2018/3/1 12:00:00,7
BCRE25256DN,D,PDDC,,,1,1,2018/3/1 12:00:00,8
BCRE25256DN,D,PDPA,PYE022    M1032,,1,1,2018/3/1 12:00:00,9
BCRE25256DN,D,PDTH,,,1,1,2018/3/1 12:00:00,10
BCRE25256DN,D,PDIS,,,1,1,2018/3/1 12:00:00,11
BCRE25256DN,D,PDMA,P20CALEW3 M0174,,1,1,2018/3/1 12:00:00,12
BCRE25256DN,D,PDIA,,,1,1,2018/3/1 12:00:00,14
BCRE25256DN,D,PDEA,,,1,1,2018/3/1 12:00:00,15
BCRE25256DN,D,PDDT,,,1,1,2018/3/1 12:00:00,16
BCRE25256DN,D,PDAL,,,1,1,2018/3/1 12:00:00,18
BCRE25256DN,D,PDMC,P2CAG23KHPM0174,,1,1,2018/3/1 12:00:00,19
BCRE25256DN,D,PDEB,,,1,1,2018/3/1 12:00:00,21
BCRE25256DN,D,PDDU,,,1,1,2018/3/1 12:00:00,22
BCRE25256DN,D,PDGA,,,1,1,2018/3/1 12:00:00,24
BCRE25256DN,D,PDQ1,PYE132    M1078,,1,1,2018/3/1 12:00:00,25
BCRE25256DN,D,PDIT,,,1,1,2018/3/1 12:00:00,26
BCRE25256DN,D,BXBF,,,1,1,2018/3/1 12:00:00,27
BCRE25256DN,D,BXBB,,,1,1,2018/3/1 12:00:00,28
BCRE25256DN,D,BTB2,,,1,1,2018/3/1 12:00:00,29
BCRE25256DN,D,BTA1,,,1,1,2018/3/1 12:00:00,30
BCRE25256DN,D,BXAL,,,1,1,2018/3/1 12:00:00,31
BCRE25256DN,D,BXC9,,,1,1,2018/3/1 12:00:00,32
BCRE25256DN,D,BXBX,,,1,1,2018/3/1 12:00:00,33
BCRE25256DN,D,BXBY,,,1,1,2018/3/1 12:00:00,34
BCRE25256DN,D,BXC1,,,1,1,2018/3/1 12:00:00,35
BCRE25256DN,D,BXC2,,,1,1,2018/3/1 12:00:00,36
BCRE25256DN,D,BXAE-A,,,1,1,2018/3/1 12:00:00,37
BCRE25256DN,D,BXBW-A,,,1,1,2018/3/1 12:00:00,38
BCRE25256DN,D,BXC3,,,1,1,2018/3/1 12:00:00,39
BCRE25256DN,D,BQAG,,,1,1,2018/3/1 12:00:00,40
BCRE25499ECLAN,X0,PDGF,ACRE25256BN2,,1,1,2018/3/1 12:00:00,1
BCRE25499ECLAN,X0,PDCA,,,1,1,2018/3/1 12:00:00,2
BCRE25499ECLAN,X0,PDSA,PUCU4N0A  M0196,,1,1,2018/3/1 12:00:00,4
BCRE25499ECLAN,X0,PDRF,,,1,1,2018/3/1 12:00:00,5
BCRE25499ECLAN,X0,PDBA,PHAF5590M2M0213,,1,1,2018/3/1 12:00:00,6
BCRE25499ECLAN,X0,PDEE,,,1,1,2018/3/1 12:00:00,7
BCRE25499ECLAN,X0,PDDC,,,1,1,2018/3/1 12:00:00,8
BCRE25499ECLAN,X0,PDPA,PYE022    M1032,,1,1,2018/3/1 12:00:00,9
BCRE25499ECLAN,X0,PDTH,,,1,1,2018/3/1 12:00:00,10
BCRE25499ECLAN,X0,PDIS,,,1,1,2018/3/1 12:00:00,11
BCRE25499ECLAN,X0,PDAB,,,1,1,2018/3/1 12:00:00,12
BCRE25499ECLAN,X0,PDMC,P2CAG23KHPM0174,,1,1,2018/3/1 12:00:00,13
BCRE25499ECLAN,X0,PDEA,,,1,1,2018/3/1 12:00:00,15
BCRE25499ECLAN,X0,PDDT,,,1,1,2018/3/1 12:00:00,16
BCRE25499ECLAN,X0,PDMA,P20CALEW3 M0174,,1,1,2018/3/1 12:00:00,18
BCRE25499ECLAN,X0,PDIA,,,1,1,2018/3/1 12:00:00,20
BCRE25499ECLAN,X0,PDH3,,,1,1,2018/3/1 12:00:00,21
BCRE25499ECLAN,X0,PDDR,,,1,1,2018/3/1 12:00:00,22
BCRE25499ECLAN,X0,PDEZ,,,1,1,2018/3/1 12:00:00,23
BCRE25499ECLAN,X0,PDGA,,,1,1,2018/3/1 12:00:00,25
BCRE25499ECLAN,X0,PDQ1,PYE132    M1078,,1,1,2018/3/1 12:00:00,26
BCRE25499ECLAN,X0,PDIT,,,1,1,2018/3/1 12:00:00,27
BCRE25499ECLAN,X0,BXAL,,,1,1,2018/3/1 12:00:00,28
BCRE25499ECLAN,X0,BXBF,,,1,1,2018/3/1 12:00:00,29
BCRE25499ECLAN,X0,BXBB,,,1,1,2018/3/1 12:00:00,30
BCRE25499ECLAN,X0,BTB2,,,1,1,2018/3/1 12:00:00,31
BCRE25499ECLAN,X0,BTB4,,,1,1,2018/3/1 12:00:00,32
BCRE25499ECLAN,X0,BTA1,,,1,1,2018/3/1 12:00:00,33
BCRE25499ECLAN,X0,BXC9,,,1,1,2018/3/1 12:00:00,34
BCRE25499ECLAN,X0,BXBX,,,1,1,2018/3/1 12:00:00,35
BCRE25499ECLAN,X0,BXBY,,,1,1,2018/3/1 12:00:00,36
BCRE25499ECLAN,X0,BXC1,,,1,1,2018/3/1 12:00:00,37
BCRE25499ECLAN,X0,BXC2,,,1,1,2018/3/1 12:00:00,38
BCRE25499ECLAN,X0,BXAE-A,,,1,1,2018/3/1 12:00:00,39
BCRE25499ECLAN,X0,BXBW-A,,,1,1,2018/3/1 12:00:00,40
BCRE25499ECLAN,X0,BXC3,,,1,1,2018/3/1 12:00:00,41
BCRE25499ECLAN,X0,BQAG,,,1,1,2018/3/1 12:00:00,42
BERTCH08HCSV4B,X2,PDCA,AERTCH08HCSV4B,,1,1,2018/3/1 12:00:00,1
BERTCH08HCSV4B,X2,PDSA,PUCU4N0A1 M0196,,1,1,2018/3/1 12:00:00,3
BERTCH08HCSV4B,X2,PDRF,,,1,1,2018/3/1 12:00:00,4
BERTCH08HCSV4B,X2,PDBA,PHM-4035-1M0018,,1,1,2018/3/1 12:00:00,5
BERTCH08HCSV4B,X2,PDEE,,,1,1,2018/3/1 12:00:00,6
BERTCH08HCSV4B,X2,PDDC,,,1,1,2018/3/1 12:00:00,7
BERTCH08HCSV4B,X2,PDPA,PYE022    M1032,,1,1,2018/3/1 12:00:00,8
BERTCH08HCSV4B,X2,PDAL,,,1,1,2018/3/1 12:00:00,9
BERTCH08HCSV4B,X2,PDT3,,,1,1,2018/3/1 12:00:00,10
BERTCH08HCSV4B,X2,PDQK,,,1,1,2018/3/1 12:00:00,11
BERTCH08HCSV4B,X2,PDGA,,,1,1,2018/3/1 12:00:00,12
BERTCH08HCSV4B,X2,PDTH,,,1,1,2018/3/1 12:00:00,13
BERTCH08HCSV4B,X2,PDIT,,,1,1,2018/3/1 12:00:00,14
BERTCH08HCSV4B,X2,BXBM,,,1,1,2018/3/1 12:00:00,15
BERTCH08HCSV4B,X2,BXBB,,,1,1,2018/3/1 12:00:00,16
BERTCH08HCSV4B,X2,BTB2,,,1,1,2018/3/1 12:00:00,17
BERTCH08HCSV4B,X2,BTA1,,,1,1,2018/3/1 12:00:00,18
BERTCH08HCSV4B,X2,BTB9,,,1,1,2018/3/1 12:00:00,19
BERTCH08HCSV4B,X2,BXC9,,,1,1,2018/3/1 12:00:00,20
BERTCH08HCSV4B,X2,C08G,PER045010RM0192,,1,1,2018/3/1 12:00:00,21
BERTCH08HCSV4B,X2,BXAF,,,1,1,2018/3/1 12:00:00,22
BERTCH08HCSV4B,X2,BXBX,,,1,1,2018/3/1 12:00:00,23
BERTCH08HCSV4B,X2,BXBY,,,1,1,2018/3/1 12:00:00,24
BERTCH08HCSV4B,X2,BXC1,,,1,1,2018/3/1 12:00:00,25
BERTCH08HCSV4B,X2,BXC2,,,1,1,2018/3/1 12:00:00,26
BERTCH08HCSV4B,X2,BXC3,,,1,1,2018/3/1 12:00:00,27
BERTCH08HCSV4B,X2,BQA1,,,1,1,2018/3/1 12:00:00,28
BERTCH08HCSV4B,X2,PDHB,,,1,1,2018/3/1 12:00:00,29
BERTCH08HCSV4B,X2,BQAG,,,1,1,2018/3/1 12:00:00,30
BHITBUA1016C-1,I,PDCA,AHITBUA1016C-1,,1,1,2018/3/1 12:00:00,1
BHITBUA1016C-1,I,PDSA,PUCU4N0A1 M0196,,1,1,2018/3/1 12:00:00,3
BHITBUA1016C-1,I,PDPS,,,1,1,2018/3/1 12:00:00,4
BHITBUA1016C-1,I,PDBA,PHWB3065-1M0004,,1,1,2018/3/1 12:00:00,5
BHITBUA1016C-1,I,PDEE,,,1,1,2018/3/1 12:00:00,6
BHITBUA1016C-1,I,PDDC,,,1,1,2018/3/1 12:00:00,7
BHITBUA1016C-1,I,PDPA,PYE022    M1032,,1,1,2018/3/1 12:00:00,8
BHITBUA1016C-1,I,PDAL,,,1,1,2018/3/1 12:00:00,9
BHITBUA1016C-1,I,PDPJ,PYE104    M1033,,1,1,2018/3/1 12:00:00,10
BHITBUA1016C-1,I,PDTH,,,1,1,2018/3/1 12:00:00,11
BHITBUA1016C-1,I,PDIS,,,1,1,2018/3/1 12:00:00,12
BHITBUA1016C-1,I,BXBV,,,1,1,2018/3/1 12:00:00,13
BHITBUA1016C-1,I,BXBF,,,1,1,2018/3/1 12:00:00,14
BHITBUA1016C-1,I,PDGC,,,1,1,2018/3/1 12:00:00,15
BHITBUA1016C-1,I,BTA1,,,1,1,2018/3/1 12:00:00,16
BHITBUA1016C-1,I,BXAF,,,1,1,2018/3/1 12:00:00,17
BHITBUA1016C-1,I,C08G,PER045010RM0192,,1,1,2018/3/1 12:00:00,18
BHITBUA1016C-1,I,CB00,,,1,1,2018/3/1 12:00:00,19
BHITBUA1016C-1,I,C0KG,PT3970-108M0849,,1,1,2018/3/1 12:00:00,20
BHITBUA1016C-1,I,BXAE,,,1,1,2018/3/1 12:00:00,21
BHITBUA1016C-1,I,BQAG,,,1,1,2018/3/1 12:00:00,22
BIPGP45020073B,O,PDCA,AIPGP45019032,,1,1,2018/3/1 12:00:00,1
BIPGP45020073B,O,PDSA,PUCU4N0A  M0196,,1,1,2018/3/1 12:00:00,3
BIPGP45020073B,O,PDPS,,,1,1,2018/3/1 12:00:00,4
BIPGP45020073B,O,PDBA,PHWB3040-1M0004,,1,1,2018/3/1 12:00:00,5
BIPGP45020073B,O,PDEE,,,1,1,2018/3/1 12:00:00,6
BIPGP45020073B,O,PDDC,,,1,1,2018/3/1 12:00:00,7
BIPGP45020073B,O,PDPA,,,1,1,2018/3/1 12:00:00,8
BIPGP45020073B,O,PDTG,,,1,1,2018/3/1 12:00:00,9
BIPGP45020073B,O,PDIS,,,1,1,2018/3/1 12:00:00,10
BIPGP45020073B,O,PDCB,,,1,1,2018/3/1 12:00:00,11
BIPGP45020073B,O,PDSB,PUCU4N0A  M0196,,1,1,2018/3/1 12:00:00,13
BIPGP45020073B,O,PDQW,,,1,1,2018/3/1 12:00:00,14
BIPGP45020073B,O,PDBB,PHAF5590M1M0213,,1,1,2018/3/1 12:00:00,15
BIPGP45020073B,O,PDEG,,,1,1,2018/3/1 12:00:00,16
BIPGP45020073B,O,PDDD,,,1,1,2018/3/1 12:00:00,17
BIPGP45020073B,O,PDPG,,,1,1,2018/3/1 12:00:00,18
BIPGP45020073B,O,PDAQ,,,1,1,2018/3/1 12:00:00,19
BIPGP45020073B,O,PDTH,,,1,1,2018/3/1 12:00:00,20
BIPGP45020073B,O,PDIT,,,1,1,2018/3/1 12:00:00,21
BIPGP45020073B,O,PDGA,,,1,1,2018/3/1 12:00:00,22
BIPGP45020073B,O,PDPJ,,,1,1,2018/3/1 12:00:00,23
BIPGP45020073B,O,PDIU,,,1,1,2018/3/1 12:00:00,24
BIPGP45020073B,O,BTB2,,,1,1,2018/3/1 12:00:00,26
BIPGP45020073B,O,PDGC,,,1,1,2018/3/1 12:00:00,27
BIPGP45020073B,O,BXAF,,,1,1,2018/3/1 12:00:00,28
BIPGP45020073B,O,C08G,PER053008 M0192,,1,1,2018/3/1 12:00:00,29
BIPGP45020073B,O,BXAE,,,1,1,2018/3/1 12:00:00,30
BIPGP45020073B,O,BQAG,,,1,1,2018/3/1 12:00:00,31
BKLSTO720RD,X1,PDCA,AKLSTO720RC,,1,1,2018/3/1 12:00:00,1
BKLSTO720RD,X1,PDSA,PUCU4N0A1 M0196,,1,1,2018/3/1 12:00:00,3
BKLSTO720RD,X1,PDPS,,,1,1,2018/3/1 12:00:00,4
BKLSTO720RD,X1,PDBA,PHWB3030-1M0004,,1,1,2018/3/1 12:00:00,5
BKLSTO720RD,X1,PDEE,,,1,1,2018/3/1 12:00:00,6
BKLSTO720RD,X1,PDDC,,,1,1,2018/3/1 12:00:00,7
BKLSTO720RD,X1,PDPA,PYE022    M1032,,1,1,2018/3/1 12:00:00,8
BKLSTO720RD,X1,PDAL,,,1,1,2018/3/1 12:00:00,9
BKLSTO720RD,X1,PDTH,,,1,1,2018/3/1 12:00:00,10
BKLSTO720RD,X1,PDIS,,,1,1,2018/3/1 12:00:00,11
BKLSTO720RD,X1,PDMC,P2CAG23KHPM0174,,1,1,2018/3/1 12:00:00,13
BKLSTO720RD,X1,PDMA,P2CAG23KHPM0174,,1,1,2018/3/1 12:00:00,15
BKLSTO720RD,X1,PDEA,,,1,1,2018/3/1 12:00:00,17
BKLSTO720RD,X1,PDDT,,,1,1,2018/3/1 12:00:00,18
BKLSTO720RD,X1,PDMB,P2CAG23KHPM0174,,1,1,2018/3/1 12:00:00,20
BKLSTO720RD,X1,PDMD,P2CAG23KHPM0174,,1,1,2018/3/1 12:00:00,22
BKLSTO720RD,X1,PDEB,,,1,1,2018/3/1 12:00:00,24
BKLSTO720RD,X1,PDDU,,,1,1,2018/3/1 12:00:00,25
BKLSTO720RD,X1,PDGA,,,1,1,2018/3/1 12:00:00,27
BKLSTO720RD,X1,PDPP,PKPGC,,1,1,2018/3/1 12:00:00,28
BKLSTO720RD,X1,PDIT,,,1,1,2018/3/1 12:00:00,29
BKLSTO720RD,X1,BXBN,,,1,1,2018/3/1 12:00:00,30
BKLSTO720RD,X1,BTB2,,,1,1,2018/3/1 12:00:00,31
BKLSTO720RD,X1,BTA1,,,1,1,2018/3/1 12:00:00,32
BKLSTO720RD,X1,BXC6,,,1,1,2018/3/1 12:00:00,33
BKLSTO720RD,X1,BXAL,,,1,1,2018/3/1 12:00:00,34
BKLSTO720RD,X1,BXBH-A,,,1,1,2018/3/1 12:00:00,35
BKLSTO720RD,X1,BXBX,,,1,1,2018/3/1 12:00:00,36
BKLSTO720RD,X1,BXBY,,,1,1,2018/3/1 12:00:00,37
BKLSTO720RD,X1,BXC1,,,1,1,2018/3/1 12:00:00,38
BKLSTO720RD,X1,BXC2,,,1,1,2018/3/1 12:00:00,39
BKLSTO720RD,X1,BXA8,,,1,1,2018/3/1 12:00:00,40
BKLSTO720RD,X1,BXAE,,,1,1,2018/3/1 12:00:00,41
BKLSTO720RD,X1,BQAG,,,1,1,2018/3/1 12:00:00,42
BLLN0046BNTA,D,PDGF,ALLN0046BNTA,,1,1,2018/3/1 12:00:00,1
BLLN0046BNTA,D,PDCA,,,1,1,2018/3/1 12:00:00,2
BLLN0046BNTA,D,PDSA,PUCU4N0A1 M0196,,1,1,2018/3/1 12:00:00,4
BLLN0046BNTA,D,PDPS,,,1,1,2018/3/1 12:00:00,5
BLLN0046BNTA,D,PDBA,PHWB3065-2M0004,,1,1,2018/3/1 12:00:00,6
BLLN0046BNTA,D,PDEE,,,1,1,2018/3/1 12:00:00,7
BLLN0046BNTA,D,PDDC,,,1,1,2018/3/1 12:00:00,8
BLLN0046BNTA,D,PDPA,PYE022    M1032,,1,1,2018/3/1 12:00:00,9
BLLN0046BNTA,D,PDBB,PHWB3065-1M0004,,1,1,2018/3/1 12:00:00,10
BLLN0046BNTA,D,PDEG,,,1,1,2018/3/1 12:00:00,11
BLLN0046BNTA,D,PDDD,,,1,1,2018/3/1 12:00:00,12
BLLN0046BNTA,D,PDAL,,,1,1,2018/3/1 12:00:00,13
BLLN0046BNTA,D,PDPW,PKPGC,,1,1,2018/3/1 12:00:00,14
BLLN0046BNTA,D,PDTH,,,1,1,2018/3/1 12:00:00,15
BLLN0046BNTA,D,PDIS,,,1,1,2018/3/1 12:00:00,16
BLLN0046BNTA,D,PDMN,,,1,1,2018/3/1 12:00:00,17
BLLN0046BNTA,D,PDH2,,,1,1,2018/3/1 12:00:00,18
BLLN0046BNTA,D,PDQP,PKPGC,,1,1,2018/3/1 12:00:00,19
BLLN0046BNTA,D,BXC4,,,1,1,2018/3/1 12:00:00,20
BLLN0046BNTA,D,PDGC,,,1,1,2018/3/1 12:00:00,21
BLLN0046BNTA,D,PDGA,,,1,1,2018/3/1 12:00:00,22
BLLN0046BNTA,D,PDIT,,,1,1,2018/3/1 12:00:00,23
BLLN0046BNTA,D,PDQZ,,,1,1,2018/3/1 12:00:00,24
BLLN0046BNTA,D,BXBB,,,1,1,2018/3/1 12:00:00,25
BLLN0046BNTA,D,BXBN,,,1,1,2018/3/1 12:00:00,26
BLLN0046BNTA,D,BXBM,,,1,1,2018/3/1 12:00:00,27
BLLN0046BNTA,D,PDAN,,,1,1,2018/3/1 12:00:00,28
BLLN0046BNTA,D,PDH1,,,1,1,2018/3/1 12:00:00,29
BLLN0046BNTA,D,BTA1,,,1,1,2018/3/1 12:00:00,30
BLLN0046BNTA,D,BXAL,,,1,1,2018/3/1 12:00:00,31
BLLN0046BNTA,D,BXBH,,,1,1,2018/3/1 12:00:00,32
BLLN0046BNTA,D,BXAE,,,1,1,2018/3/1 12:00:00,33
BLLN0046BNTA,D,BXBX,,,1,1,2018/3/1 12:00:00,34
BLLN0046BNTA,D,BXBY,,,1,1,2018/3/1 12:00:00,35
BLLN0046BNTA,D,BXC1,,,1,1,2018/3/1 12:00:00,36
BLLN0046BNTA,D,BXC2,,,1,1,2018/3/1 12:00:00,37
BLLN0046BNTA,D,BXA8,,,1,1,2018/3/1 12:00:00,38
BLLN0046BNTA,D,BXCB-A,,,1,1,2018/3/1 12:00:00,39
BLLN0046BNTA,D,BXBW-A,,,1,1,2018/3/1 12:00:00,40
BLLN0046BNTA,D,BQAG,,,1,1,2018/3/1 12:00:00,41
BLLN0102G-HBS2,D,PDCA,ALLN0102C-HBS2,,1,1,2018/3/1 12:00:00,1
BLLN0102G-HBS2,D,PDSA,PUCU4N0A1 M0196,,1,1,2018/3/1 12:00:00,3
BLLN0102G-HBS2,D,PDPS,,,1,1,2018/3/1 12:00:00,4
BLLN0102G-HBS2,D,PDBA,PHWB3065-1M0004,,1,1,2018/3/1 12:00:00,5
BLLN0102G-HBS2,D,PDEE,,,1,1,2018/3/1 12:00:00,6
BLLN0102G-HBS2,D,PDDC,,,1,1,2018/3/1 12:00:00,7
BLLN0102G-HBS2,D,PDPA,PYE022    M1032,,1,1,2018/3/1 12:00:00,8
BLLN0102G-HBS2,D,PDAL,,,1,1,2018/3/1 12:00:00,9
BLLN0102G-HBS2,D,PDPW,PKPGC,,1,1,2018/3/1 12:00:00,10
BLLN0102G-HBS2,D,PDTH,,,1,1,2018/3/1 12:00:00,11
BLLN0102G-HBS2,D,PDIS,,,1,1,2018/3/1 12:00:00,12
BLLN0102G-HBS2,D,BXBB,,,1,1,2018/3/1 12:00:00,13
BLLN0102G-HBS2,D,PDRG,,,1,1,2018/3/1 12:00:00,14
BLLN0102G-HBS2,D,BXBN,,,1,1,2018/3/1 12:00:00,15
BLLN0102G-HBS2,D,BXBM,,,1,1,2018/3/1 12:00:00,16
BLLN0102G-HBS2,D,PDAN,,,1,1,2018/3/1 12:00:00,17
BLLN0102G-HBS2,D,PDH1,,,1,1,2018/3/1 12:00:00,18
BLLN0102G-HBS2,D,BTA1,,,1,1,2018/3/1 12:00:00,19
BLLN0102G-HBS2,D,BXAL,,,1,1,2018/3/1 12:00:00,20
BLLN0102G-HBS2,D,BXBH,,,1,1,2018/3/1 12:00:00,21
BLLN0102G-HBS2,D,PDGC,,,1,1,2018/3/1 12:00:00,22
BLLN0102G-HBS2,D,PDGL,,,1,1,2018/3/1 12:00:00,23
BLLN0102G-HBS2,D,BXC9,,,1,1,2018/3/1 12:00:00,24
BLLN0102G-HBS2,D,BXAE-A,,,1,1,2018/3/1 12:00:00,25
BLLN0102G-HBS2,D,BQA1,,,1,1,2018/3/1 12:00:00,26
BLLN0102G-HBS2,D,BXBX,,,1,1,2018/3/1 12:00:00,27
BLLN0102G-HBS2,D,BXBY,,,1,1,2018/3/1 12:00:00,28
BLLN0102G-HBS2,D,BXC1,,,1,1,2018/3/1 12:00:00,29
BLLN0102G-HBS2,D,BXC2,,,1,1,2018/3/1 12:00:00,30
BLLN0102G-HBS2,D,BXA8,,,1,1,2018/3/1 12:00:00,31
BLLN0102G-HBS2,D,PDHD,,,1,1,2018/3/1 12:00:00,32
BLLN0102G-HBS2,D,BXCC,,,1,1,2018/3/1 12:00:00,33
BLLN0102G-HBS2,D,PDHF,,,1,1,2018/3/1 12:00:00,34
BLLN0102G-HBS2,D,BXCD,,,1,1,2018/3/1 12:00:00,35
BLLN0102G-HBS2,D,BQAG,,,1,1,2018/3/1 12:00:00,36
BLLN0876ENA45,O,PDGF,ALLN0876ENA45,,1,1,2018/3/1 12:00:00,1
BLLN0876ENA45,O,PDCA,,,1,1,2018/3/1 12:00:00,2
BLLN0876ENA45,O,PDSA,PUCU4N0A1 M0196,,1,1,2018/3/1 12:00:00,4
BLLN0876ENA45,O,PDPS,,,1,1,2018/3/1 12:00:00,5
BLLN0876ENA45,O,PDBA,PHWB3065-1M0004,,1,1,2018/3/1 12:00:00,6
BLLN0876ENA45,O,PDEE,,,1,1,2018/3/1 12:00:00,7
BLLN0876ENA45,O,PDDC,,,1,1,2018/3/1 12:00:00,8
BLLN0876ENA45,O,PDRC,PYE022    M1032,,1,1,2018/3/1 12:00:00,9
BLLN0876ENA45,O,PDAL,,,1,1,2018/3/1 12:00:00,10
BLLN0876ENA45,O,PDTH,,,1,1,2018/3/1 12:00:00,11
BLLN0876ENA45,O,PDIS,,,1,1,2018/3/1 12:00:00,12
BLLN0876ENA45,O,PDGA,,,1,1,2018/3/1 12:00:00,13
BLLN0876ENA45,O,PDQP,PKPGC,,1,1,2018/3/1 12:00:00,14
BLLN0876ENA45,O,PDIT,,,1,1,2018/3/1 12:00:00,15
BLLN0876ENA45,O,PDQZ,,,1,1,2018/3/1 12:00:00,16
BLLN0876ENA45,O,BQA1-A,,,1,1,2018/3/1 12:00:00,17
BLLN0876ENA45,O,BXBB,,,1,1,2018/3/1 12:00:00,18
BLLN0876ENA45,O,BXBN,,,1,1,2018/3/1 12:00:00,19
BLLN0876ENA45,O,BXBM,,,1,1,2018/3/1 12:00:00,20
BLLN0876ENA45,O,PDAN,,,1,1,2018/3/1 12:00:00,21
BLLN0876ENA45,O,PDGC,,,1,1,2018/3/1 12:00:00,22
BLLN0876ENA45,O,BTB2,,,1,1,2018/3/1 12:00:00,23
BLLN0876ENA45,O,BTA1,,,1,1,2018/3/1 12:00:00,24
BLLN0876ENA45,O,BXAL,,,1,1,2018/3/1 12:00:00,25
BLLN0876ENA45,O,BXBH,,,1,1,2018/3/1 12:00:00,26
BLLN0876ENA45,O,BXAE,,,1,1,2018/3/1 12:00:00,27
BLLN0876ENA45,O,BXBX,,,1,1,2018/3/1 12:00:00,28
BLLN0876ENA45,O,BXBY,,,1,1,2018/3/1 12:00:00,29
BLLN0876ENA45,O,BXC1,,,1,1,2018/3/1 12:00:00,30
BLLN0876ENA45,O,BXC2,,,1,1,2018/3/1 12:00:00,31
BLLN0876ENA45,O,BXC3,,,1,1,2018/3/1 12:00:00,32
BLLN0876ENA45,O,PDGD,,,1,1,2018/3/1 12:00:00,33
BLLN0876ENA45,O,BXCB-A,,,1,1,2018/3/1 12:00:00,34
BLLN0876ENA45,O,BXBW-A,,,1,1,2018/3/1 12:00:00,35
BLLN0876ENA45,O,BQA2,,,1,1,2018/3/1 12:00:00,36
BLLN0876ENA45,O,PDHD,,,1,1,2018/3/1 12:00:00,37
BLLN0876ENA45,O,BXCC,,,1,1,2018/3/1 12:00:00,38
BLLN0876ENA45,O,PDHF,,,1,1,2018/3/1 12:00:00,39
BLLN0876ENA45,O,BXCD,,,1,1,2018/3/1 12:00:00,40
BLLN0876ENA45,O,BQAG,,,1,1,2018/3/1 12:00:00,41
BOFMDOE009V4N,X2,PDGF,AOFMDOE009V4N,,1,1,2018/3/1 12:00:00,1
BOFMDOE009V4N,X2,PDSA,PUCU4N0A1 M0196,,1,1,2018/3/1 12:00:00,2
BOFMDOE009V4N,X2,PDRF,,,1,1,2018/3/1 12:00:00,3
BOFMDOE009V4N,X2,PDBA,PHM-4035-1M0018,,1,1,2018/3/1 12:00:00,4
BOFMDOE009V4N,X2,PDEE,,,1,1,2018/3/1 12:00:00,5
BOFMDOE009V4N,X2,PDDC,,,1,1,2018/3/1 12:00:00,6
BOFMDOE009V4N,X2,PDRC,PYE022    M1032,,1,1,2018/3/1 12:00:00,7
BOFMDOE009V4N,X2,PDAB,,,1,1,2018/3/1 12:00:00,8
BOFMDOE009V4N,X2,PDAL,,,1,1,2018/3/1 12:00:00,9
BOFMDOE009V4N,X2,PDTG,,,1,1,2018/3/1 12:00:00,10
BOFMDOE009V4N,X2,PDIS,,,1,1,2018/3/1 12:00:00,11
BOFMDOE009V4N,X2,PDHK,,,1,1,2018/3/1 12:00:00,12
BOFMDOE009V4N,X2,BTA1,,,1,1,2018/3/1 12:00:00,14
BOFMDOE009V4N,X2,BTB9,,,1,1,2018/3/1 12:00:00,15
BOFMDOE009V4N,X2,PDMC,P2CAG23KHPM0174,,1,1,2018/3/1 12:00:00,17
BOFMDOE009V4N,X2,PDEA,,,1,1,2018/3/1 12:00:00,19
BOFMDOE009V4N,X2,PDDT,,,1,1,2018/3/1 12:00:00,20
BOFMDOE009V4N,X2,PDMA,P2CAG23KHPM0174,,1,1,2018/3/1 12:00:00,23
BOFMDOE009V4N,X2,PDEB,,,1,1,2018/3/1 12:00:00,25
BOFMDOE009V4N,X2,PDDU,,,1,1,2018/3/1 12:00:00,26
BOFMDOE009V4N,X2,PDQP,PKPGC,,1,1,2018/3/1 12:00:00,28
BOFMDOE009V4N,X2,PDIT,,,1,1,2018/3/1 12:00:00,29
BOFMDOE009V4N,X2,BXBM,,,1,1,2018/3/1 12:00:00,30
BOFMDOE009V4N,X2,PDH1,,,1,1,2018/3/1 12:00:00,31
BOFMDOE009V4N,X2,BTB2,,,1,1,2018/3/1 12:00:00,32
BOFMDOE009V4N,X2,BTA2,,,1,1,2018/3/1 12:00:00,33
BOFMDOE009V4N,X2,BTBA,,,1,1,2018/3/1 12:00:00,34
BOFMDOE009V4N,X2,BXC6,,,1,1,2018/3/1 12:00:00,35
BOFMDOE009V4N,X2,BXAL,,,1,1,2018/3/1 12:00:00,36
BOFMDOE009V4N,X2,BXBH-A,,,1,1,2018/3/1 12:00:00,37
BOFMDOE009V4N,X2,BXAE,,,1,1,2018/3/1 12:00:00,38
BOFMDOE009V4N,X2,BXBW,,,1,1,2018/3/1 12:00:00,39
BOFMDOE009V4N,X2,BXC3,,,1,1,2018/3/1 12:00:00,40
BOFMDOE009V4N,X2,PDK3,PT0225    M0201,,1,1,2018/3/1 12:00:00,41
BOFMDOE009V4N,X2,BQAG,,,1,1,2018/3/1 12:00:00,42
BONSC5Q4392CAP1,E,PDCA,AONSC5Q4392CAP,,1,1,2018/3/1 12:00:00,1
BONSC5Q4392CAP1,E,PDSA,PUCU4N0A  M0196,,1,1,2018/3/1 12:00:00,3
BONSC5Q4392CAP1,E,PDPS,,,1,1,2018/3/1 12:00:00,4
BONSC5Q4392CAP1,E,PDBA,PHWB3040-1M0004,,1,1,2018/3/1 12:00:00,5
BONSC5Q4392CAP1,E,PDEE,,,1,1,2018/3/1 12:00:00,6
BONSC5Q4392CAP1,E,PDDC,,,1,1,2018/3/1 12:00:00,7
BONSC5Q4392CAP1,E,PDPA,PYE022    M1032,,1,1,2018/3/1 12:00:00,8
BONSC5Q4392CAP1,E,PDAL,,,1,1,2018/3/1 12:00:00,9
BONSC5Q4392CAP1,E,PDBB,PHWB3050-1M0004,,1,1,2018/3/1 12:00:00,10
BONSC5Q4392CAP1,E,PDEG,,,1,1,2018/3/1 12:00:00,11
BONSC5Q4392CAP1,E,PDDD,,,1,1,2018/3/1 12:00:00,12
BONSC5Q4392CAP1,E,PDPG,PYE022    M1032,,1,1,2018/3/1 12:00:00,14
BONSC5Q4392CAP1,E,PDAB,,,1,1,2018/3/1 12:00:00,15
BONSC5Q4392CAP1,E,PDTG,,,1,1,2018/3/1 12:00:00,16
BONSC5Q4392CAP1,E,PDH2,,,1,1,2018/3/1 12:00:00,17
BONSC5Q4392CAP1,E,PDIS,,,1,1,2018/3/1 12:00:00,18
BONSC5Q4392CAP1,E,PDMA,P2CAG23KHPM0174,,1,1,2018/3/1 12:00:00,20
BONSC5Q4392CAP1,E,PDMB,,,1,1,2018/3/1 12:00:00,21
BONSC5Q4392CAP1,E,PDEA,,,1,1,2018/3/1 12:00:00,23
BONSC5Q4392CAP1,E,PDDT,,,1,1,2018/3/1 12:00:00,24
BONSC5Q4392CAP1,E,PDGA,,,1,1,2018/3/1 12:00:00,26
BONSC5Q4392CAP1,E,PDPX,PYE011    M0793,,1,1,2018/3/1 12:00:00,27
BONSC5Q4392CAP1,E,PDIT,,,1,1,2018/3/1 12:00:00,28
BONSC5Q4392CAP1,E,BTA1,,,1,1,2018/3/1 12:00:00,29
BONSC5Q4392CAP1,E,BGI2,,,1,1,2018/3/1 12:00:00,30
BONSC5Q4392CAP1,E,BGLA,,,1,1,2018/3/1 12:00:00,31
BONSC5Q4392CAP1,E,BGJ5,,,1,1,2018/3/1 12:00:00,32
BONSC5Q4392CAP1,E,BGK1,,,1,1,2018/3/1 12:00:00,33
BONSC5Q4392CAP1,E,BXAE,,,1,1,2018/3/1 12:00:00,34
BONSC5Q4392CAP1,E,BQAG,,,1,1,2018/3/1 12:00:00,35
BOOS17C314NLA,X2,PDGF,,,1,1,2018/3/1 12:00:00,1
BOOS17C314NLA,X2,PDSA,PUCU4N0A1 M0196,,1,1,2018/3/1 12:00:00,2
BOOS17C314NLA,X2,PDPS,,,1,1,2018/3/1 12:00:00,3
BOOS17C314NLA,X2,PDBA,PHWB3065-1M0004,,1,1,2018/3/1 12:00:00,4
BOOS17C314NLA,X2,PDEE,,,1,1,2018/3/1 12:00:00,5
BOOS17C314NLA,X2,PDDC,,,1,1,2018/3/1 12:00:00,6
BOOS17C314NLA,X2,PDPA,,,1,1,2018/3/1 12:00:00,7
BOOS17C314NLA,X2,PDAL,,,1,1,2018/3/1 12:00:00,8
BOOS17C314NLA,X2,PDQI,PKPGC,,1,1,2018/3/1 12:00:00,9
BOOS17C314NLA,X2,PDTH,,,1,1,2018/3/1 12:00:00,10
BOOS17C314NLA,X2,PDIS,,,1,1,2018/3/1 12:00:00,11
BOOS17C314NLA,X2,PDQZ,,,1,1,2018/3/1 12:00:00,12
BOOS17C314NLA,X2,BXBB,,,1,1,2018/3/1 12:00:00,13
BOOS17C314NLA,X2,BXBM,,,1,1,2018/3/1 12:00:00,14
BOOS17C314NLA,X2,PDAN,,,1,1,2018/3/1 12:00:00,15
BOOS17C314NLA,X2,PDH1,,,1,1,2018/3/1 12:00:00,16
BOOS17C314NLA,X2,PDGC,,,1,1,2018/3/1 12:00:00,17
BOOS17C314NLA,X2,BTA1,,,1,1,2018/3/1 12:00:00,18
BOOS17C314NLA,X2,BXAL,,,1,1,2018/3/1 12:00:00,19
BOOS17C314NLA,X2,BXBH,,,1,1,2018/3/1 12:00:00,20
BOOS17C314NLA,X2,BXB9,,,1,1,2018/3/1 12:00:00,21
BOOS17C314NLA,X2,C068,,,1,1,2018/3/1 12:00:00,22
BOOS17C314NLA,X2,C0C0-A,,,1,1,2018/3/1 12:00:00,23
BOOS17C314NLA,X2,C0EI,,,1,1,2018/3/1 12:00:00,24
BOOS17C314NLA,X2,BXAE,,,1,1,2018/3/1 12:00:00,25
BOOS17C314NLA,X2,BXBX,,,1,1,2018/3/1 12:00:00,26
BOOS17C314NLA,X2,BXBY,,,1,1,2018/3/1 12:00:00,27
BOOS17C314NLA,X2,BXC1,,,1,1,2018/3/1 12:00:00,28
BOOS17C314NLA,X2,BXC2,,,1,1,2018/3/1 12:00:00,29
BOOS17C314NLA,X2,BXA8,,,1,1,2018/3/1 12:00:00,30
BOOS17C314NLA,X2,BQA1,,,1,1,2018/3/1 12:00:00,31
BOOS17C314NLA,X2,PDK3,,,1,1,2018/3/1 12:00:00,32
BOOS17C314NLA,X2,BQAG,,,1,1,2018/3/1 12:00:00,33
BOOS37C312NL,H,PDCA,AOOS37C312NL,,1,1,2018/3/1 12:00:00,1
BOOS37C312NL,H,PDSA,PUCU4N0A  M0196,,1,1,2018/3/1 12:00:00,3
BOOS37C312NL,H,PDPS,,,1,1,2018/3/1 12:00:00,4
BOOS37C312NL,H,PDBA,PHWB3065-1M0004,,1,1,2018/3/1 12:00:00,5
BOOS37C312NL,H,PDEE,,,1,1,2018/3/1 12:00:00,6
BOOS37C312NL,H,PDDC,,,1,1,2018/3/1 12:00:00,7
BOOS37C312NL,H,PDPA,PYE022    M1032,,1,1,2018/3/1 12:00:00,8
BOOS37C312NL,H,PDAL,,,1,1,2018/3/1 12:00:00,9
BOOS37C312NL,H,PDTH,,,1,1,2018/3/1 12:00:00,10
BOOS37C312NL,H,PDIS,,,1,1,2018/3/1 12:00:00,11
BOOS37C312NL,H,PDQP,PYE059    M0793,,1,1,2018/3/1 12:00:00,12
BOOS37C312NL,H,PDIT,,,1,1,2018/3/1 12:00:00,13
BOOS37C312NL,H,PDQZ,,,1,1,2018/3/1 12:00:00,14
BOOS37C312NL,H,BXBB,,,1,1,2018/3/1 12:00:00,15
BOOS37C312NL,H,BXBM,,,1,1,2018/3/1 12:00:00,16
BOOS37C312NL,H,BXBN,,,1,1,2018/3/1 12:00:00,17
BOOS37C312NL,H,PDAN,,,1,1,2018/3/1 12:00:00,18
BOOS37C312NL,H,PDH1,,,1,1,2018/3/1 12:00:00,19
BOOS37C312NL,H,BTA1,,,1,1,2018/3/1 12:00:00,21
BOOS37C312NL,H,BXAL,,,1,1,2018/3/1 12:00:00,22
BOOS37C312NL,H,BXB9,,,1,1,2018/3/1 12:00:00,23
BOOS37C312NL,H,BXBH,,,1,1,2018/3/1 12:00:00,24
BOOS37C312NL,H,C068,,,1,1,2018/3/1 12:00:00,25
BOOS37C312NL,H,C0C0-A,PC45803129M0194,,1,1,2018/3/1 12:00:00,26
BOOS37C312NL,H,C0EI,,,1,1,2018/3/1 12:00:00,27
BOOS37C312NL,H,BXBV-A,,,1,1,2018/3/1 12:00:00,28
BOOS37C312NL,H,BXAE,,,1,1,2018/3/1 12:00:00,29
BOOS37C312NL,H,BXBX,,,1,1,2018/3/1 12:00:00,30
BOOS37C312NL,H,BXBY,,,1,1,2018/3/1 12:00:00,31
BOOS37C312NL,H,BXC1,,,1,1,2018/3/1 12:00:00,32
BOOS37C312NL,H,BXC2,,,1,1,2018/3/1 12:00:00,33
BOOS37C312NL,H,BXA8,,,1,1,2018/3/1 12:00:00,34
BOOS37C312NL,H,BQAG,,,1,1,2018/3/1 12:00:00,35
BOOS38C401NL,V,PDCA,AOOS38C401NL,,1,1,2018/3/1 12:00:00,1
BOOS38C401NL,V,PDSA,PUCU4N0A  M0196,,1,1,2018/3/1 12:00:00,3
BOOS38C401NL,V,PDPS,,,1,1,2018/3/1 12:00:00,4
BOOS38C401NL,V,PDBA,PHAF5565M1M0213,,1,1,2018/3/1 12:00:00,5
BOOS38C401NL,V,PDEE,,,1,1,2018/3/1 12:00:00,6
BOOS38C401NL,V,PDDC,,,1,1,2018/3/1 12:00:00,7
BOOS38C401NL,V,PDPA,PYE022    M1032,,1,1,2018/3/1 12:00:00,8
BOOS38C401NL,V,PDAL,,,1,1,2018/3/1 12:00:00,9
BOOS38C401NL,V,PDTH,,,1,1,2018/3/1 12:00:00,10
BOOS38C401NL,V,PDIS,,,1,1,2018/3/1 12:00:00,11
BOOS38C401NL,V,PDQP,PYE059    M0793,,1,1,2018/3/1 12:00:00,12
BOOS38C401NL,V,PDIT,,,1,1,2018/3/1 12:00:00,13
BOOS38C401NL,V,PDQZ,,,1,1,2018/3/1 12:00:00,14
BOOS38C401NL,V,BXBB,,,1,1,2018/3/1 12:00:00,15
BOOS38C401NL,V,BXBF,,,1,1,2018/3/1 12:00:00,16
BOOS38C401NL,V,BXBN,,,1,1,2018/3/1 12:00:00,17
BOOS38C401NL,V,PDAN,,,1,1,2018/3/1 12:00:00,18
BOOS38C401NL,V,PDH1,,,1,1,2018/3/1 12:00:00,19
BOOS38C401NL,V,BTA1,,,1,1,2018/3/1 12:00:00,21
BOOS38C401NL,V,BXAL,,,1,1,2018/3/1 12:00:00,22
BOOS38C401NL,V,BXBH,,,1,1,2018/3/1 12:00:00,23
BOOS38C401NL,V,BXB9,,,1,1,2018/3/1 12:00:00,24
BOOS38C401NL,V,C068,,,1,1,2018/3/1 12:00:00,25
BOOS38C401NL,V,C0C0-A,PC45803129M0194,,1,1,2018/3/1 12:00:00,26
BOOS38C401NL,V,C0EI,,,1,1,2018/3/1 12:00:00,27
BOOS38C401NL,V,BXAE,,,1,1,2018/3/1 12:00:00,28
BOOS38C401NL,V,BXBX,,,1,1,2018/3/1 12:00:00,29
BOOS38C401NL,V,BXBY,,,1,1,2018/3/1 12:00:00,30
BOOS38C401NL,V,BXC1,,,1,1,2018/3/1 12:00:00,31
BOOS38C401NL,V,BXC2,,,1,1,2018/3/1 12:00:00,32
BOOS38C401NL,V,BXA8,,,1,1,2018/3/1 12:00:00,33
BOOS38C401NL,V,BQAG,,,1,1,2018/3/1 12:00:00,34
BOOS4053C1102L,B,PDCA,AOOS0296C103L,,1,1,2018/3/1 12:00:00,1
BOOS4053C1102L,B,PDSA,PUCU4N0A1 M0196,,1,1,2018/3/1 12:00:00,3
BOOS4053C1102L,B,PDPS,,,1,1,2018/3/1 12:00:00,4
BOOS4053C1102L,B,PDBA,PHWB3065-1M0004,,1,1,2018/3/1 12:00:00,5
BOOS4053C1102L,B,PDEE,,,1,1,2018/3/1 12:00:00,6
BOOS4053C1102L,B,PDDC,,,1,1,2018/3/1 12:00:00,7
BOOS4053C1102L,B,PDPA,PYE022    M1032,,1,1,2018/3/1 12:00:00,8
BOOS4053C1102L,B,PDAL,,,1,1,2018/3/1 12:00:00,9
BOOS4053C1102L,B,PDQI,PKPGC,,1,1,2018/3/1 12:00:00,10
BOOS4053C1102L,B,PDTH,,,1,1,2018/3/1 12:00:00,11
BOOS4053C1102L,B,PDIS,,,1,1,2018/3/1 12:00:00,12
BOOS4053C1102L,B,PDQZ,,,1,1,2018/3/1 12:00:00,13
BOOS4053C1102L,B,BXBB-A,,,1,1,2018/3/1 12:00:00,14
BOOS4053C1102L,B,BXBM,,,1,1,2018/3/1 12:00:00,15
BOOS4053C1102L,B,PDAN,,,1,1,2018/3/1 12:00:00,16
BOOS4053C1102L,B,PDH1,,,1,1,2018/3/1 12:00:00,17
BOOS4053C1102L,B,BTA1,,,1,1,2018/3/1 12:00:00,18
BOOS4053C1102L,B,C08G,PER045010RM0192,,1,1,2018/3/1 12:00:00,19
BOOS4053C1102L,B,BXB9,,,1,1,2018/3/1 12:00:00,20
BOOS4053C1102L,B,BXBH,,,1,1,2018/3/1 12:00:00,21
BOOS4053C1102L,B,C0C0-A,PC45803129M0194,,1,1,2018/3/1 12:00:00,22
BOOS4053C1102L,B,C0EI,,,1,1,2018/3/1 12:00:00,23
BOOS4053C1102L,B,BXBV-A,,,1,1,2018/3/1 12:00:00,24
BOOS4053C1102L,B,BXAE,,,1,1,2018/3/1 12:00:00,25
BOOS4053C1102L,B,BXBX,,,1,1,2018/3/1 12:00:00,26
BOOS4053C1102L,B,BXBY,,,1,1,2018/3/1 12:00:00,27
BOOS4053C1102L,B,BXC1,,,1,1,2018/3/1 12:00:00,28
BOOS4053C1102L,B,BXC2,,,1,1,2018/3/1 12:00:00,29
BOOS4053C1102L,B,BXCK,,,1,1,2018/3/1 12:00:00,30
BOOS4053C1102L,B,PDGC,,,1,1,2018/3/1 12:00:00,31
BOOS4053C1102L,B,BQA1,,,1,1,2018/3/1 12:00:00,32
BOOS4053C1102L,B,PDHD,,,1,1,2018/3/1 12:00:00,33
BOOS4053C1102L,B,BXCC,,,1,1,2018/3/1 12:00:00,34
BOOS4053C1102L,B,PDHF,,,1,1,2018/3/1 12:00:00,35
BOOS4053C1102L,B,BXCD,,,1,1,2018/3/1 12:00:00,36
BOOS4053C1102L,B,PDK3,,,1,1,2018/3/1 12:00:00,37
BOOS4053C1102L,B,BQAG,,,1,1,2018/3/1 12:00:00,38
BOOS5468L,T,PDCA,AOOS5468L,,1,1,2018/3/1 12:00:00,1
BOOS5468L,T,PDSA,PUCU4N0A  M0196,,1,1,2018/3/1 12:00:00,3
BOOS5468L,T,PDPS,,,1,1,2018/3/1 12:00:00,4
BOOS5468L,T,PDBA,PHWB3075-1M0004,,1,1,2018/3/1 12:00:00,5
BOOS5468L,T,PDEE,,,1,1,2018/3/1 12:00:00,6
BOOS5468L,T,PDDC,,,1,1,2018/3/1 12:00:00,7
BOOS5468L,T,PDPA,PYE022    M1032,,1,1,2018/3/1 12:00:00,8
BOOS5468L,T,PDAL,,,1,1,2018/3/1 12:00:00,9
BOOS5468L,T,PDTH,,,1,1,2018/3/1 12:00:00,10
BOOS5468L,T,PDIS,,,1,1,2018/3/1 12:00:00,11
BOOS5468L,T,PDQP,PYE059    M0793,,1,1,2018/3/1 12:00:00,12
BOOS5468L,T,PDIT,,,1,1,2018/3/1 12:00:00,13
BOOS5468L,T,PDQZ,,,1,1,2018/3/1 12:00:00,14
BOOS5468L,T,BXBB-A,,,1,1,2018/3/1 12:00:00,15
BOOS5468L,T,BXBM,,,1,1,2018/3/1 12:00:00,16
BOOS5468L,T,PDAN,,,1,1,2018/3/1 12:00:00,17
BOOS5468L,T,PDH1,,,1,1,2018/3/1 12:00:00,18
BOOS5468L,T,BTA1,,,1,1,2018/3/1 12:00:00,20
BOOS5468L,T,BXAL,,,1,1,2018/3/1 12:00:00,21
BOOS5468L,T,BXB9,,,1,1,2018/3/1 12:00:00,22
BOOS5468L,T,BXBH,,,1,1,2018/3/1 12:00:00,23
BOOS5468L,T,C068,,,1,1,2018/3/1 12:00:00,24
BOOS5468L,T,C0C0-A,PC45803129M0194,,1,1,2018/3/1 12:00:00,25
BOOS5468L,T,C0EI,,,1,1,2018/3/1 12:00:00,26
BOOS5468L,T,BXBV-A,,,1,1,2018/3/1 12:00:00,27
BOOS5468L,T,BXAE,,,1,1,2018/3/1 12:00:00,28
BOOS5468L,T,BXBX,,,1,1,2018/3/1 12:00:00,29
BOOS5468L,T,BXBY,,,1,1,2018/3/1 12:00:00,30
BOOS5468L,T,BXC1,,,1,1,2018/3/1 12:00:00,31
BOOS5468L,T,BXC2,,,1,1,2018/3/1 12:00:00,32
BOOS5468L,T,BXA8,,,1,1,2018/3/1 12:00:00,33
BOOS5468L,T,BQAG,,,1,1,2018/3/1 12:00:00,34
BTSF07G13R3S,O,PDCA,ATSF07G13R1S,,1,1,2018/3/1 12:00:00,1
BTSF07G13R3S,O,PDSA,PUCU4N0A1 M0196,,1,1,2018/3/1 12:00:00,3
BTSF07G13R3S,O,PDPS,,,1,1,2018/3/1 12:00:00,4
BTSF07G13R3S,O,PDBA,PHWB3055-1M0004,,1,1,2018/3/1 12:00:00,5
BTSF07G13R3S,O,PDEE,,,1,1,2018/3/1 12:00:00,6
BTSF07G13R3S,O,PDDC,,,1,1,2018/3/1 12:00:00,7
BTSF07G13R3S,O,PDPA,PYE011    M0793,,1,1,2018/3/1 12:00:00,8
BTSF07G13R3S,O,PDAL,,,1,1,2018/3/1 12:00:00,9
BTSF07G13R3S,O,PDTG,,,1,1,2018/3/1 12:00:00,10
BTSF07G13R3S,O,PDIS,,,1,1,2018/3/1 12:00:00,11
BTSF07G13R3S,O,PDMA,P2CAG23KHPM0174,,1,1,2018/3/1 12:00:00,13
BTSF07G13R3S,O,PDEA,,,1,1,2018/3/1 12:00:00,15
BTSF07G13R3S,O,PDDT,,,1,1,2018/3/1 12:00:00,16
BTSF07G13R3S,O,PDGA,,,1,1,2018/3/1 12:00:00,18
BTSF07G13R3S,O,PDPX,PYE022    M1032,,1,1,2018/3/1 12:00:00,19
BTSF07G13R3S,O,PDIT,,,1,1,2018/3/1 12:00:00,20
BTSF07G13R3S,O,BTA1,,,1,1,2018/3/1 12:00:00,21
BTSF07G13R3S,O,BXAF,,,1,1,2018/3/1 12:00:00,22
CCISDETROIT,X2,C0BA,3BS1608-1 C1502,,1,1,2018/3/1 12:00:00,1
CCISDETROIT,X2,C050,,,1,1,2018/3/1 12:00:00,2
CCISDETROIT,X2,C060,,,1,1,2018/3/1 12:00:00,3
CCISDETROIT,X2,C071,,,1,1,2018/3/1 12:00:00,4
CCISDETROIT,X2,C068,,,1,1,2018/3/1 12:00:00,5
CCISDETROIT,X2,C0IT,PC38401908M0194,,1,1,2018/3/1 12:00:00,6
CCISDETROIT,X2,C072,,,1,1,2018/3/1 12:00:00,7
CCISDETROIT,X2,C0B9,DCISDETROIT,,1,1,2018/3/1 12:00:00,8
CCISDETROIT,X2,C073,,,1,1,2018/3/1 12:00:00,9
CCISDETROIT,X2,C09C,,,1,1,2018/3/1 12:00:00,10
CCISDETROIT,X2,C08G,PER030006 M0292,,1,1,2018/3/1 12:00:00,11
CCISDETROIT,X2,C074,,,1,1,2018/3/1 12:00:00,12
CCISDETROIT,X2,C004,PT4INCLIP C1502,,1,1,2018/3/1 12:00:00,13
CCISDETROIT,X2,C0FA,,,1,1,2018/3/1 12:00:00,14
CCISK2PKG,X6,C068,BCISLB5E39C1502,,1,1,2018/3/1 12:00:00,1
CCISK2PKG,X6,C0IT,,,1,1,2018/3/1 12:00:00,2
CCISK2PKG,X6,C070,,,1,1,2018/3/1 12:00:00,3
CCISK2PKG,X6,C0BC,,,1,1,2018/3/1 12:00:00,4
CCISK2PKG,X6,C091,,,1,1,2018/3/1 12:00:00,5
CCISK2PKG,X6,C071,,,1,1,2018/3/1 12:00:00,6
CCISK2PKG,X6,C0B0,,,1,1,2018/3/1 12:00:00,7
CCISK2PKG,X6,C020,,,1,1,2018/3/1 12:00:00,8
CCISK2PKG,X6,C072,,,1,1,2018/3/1 12:00:00,9
CCISK2PKG,X6,C0C0,,,1,1,2018/3/1 12:00:00,10
CCISK2PKG,X6,C073,,,1,1,2018/3/1 12:00:00,11
CCISK2PKG,X6,C0F0,,,1,1,2018/3/1 12:00:00,12
CCISK2PKG,X6,C0GX,,,1,1,2018/3/1 12:00:00,13
CCISK2PKG,X6,C02G,,,1,1,2018/3/1 12:00:00,14
CCISK2PKG,X6,C022,,,1,1,2018/3/1 12:00:00,15
CCISK2PKG,X6,C074,,,1,1,2018/3/1 12:00:00,16
CCISK2PKG,X6,C09C,,,1,1,2018/3/1 12:00:00,17
CCISK2PKG,X6,C08G,,,1,1,2018/3/1 12:00:00,18
CCISK2PKG,X6,C075,,,1,1,2018/3/1 12:00:00,19
CCISK2PKG,X6,C004,,,1,1,2018/3/1 12:00:00,20
CCISK2PKG,X6,C0FA,,,1,1,2018/3/1 12:00:00,21
CELP60419719,X4,C010,BKDCB7R56 C2252,,1,1,2018/3/1 12:00:00,1
CELP60419719,X4,C030,9PWAC4C   M0142,,1,1,2018/3/1 12:00:00,2
CELP60419719,X4,C040,1B1002J3X1C2252,,1,1,2018/3/1 12:00:00,3
CELP60419719,X4,C050,,,1,1,2018/3/1 12:00:00,4
CELP60419719,X4,C060,,,1,1,2018/3/1 12:00:00,5
CELP60419719,X4,C070,,,1,1,2018/3/1 12:00:00,6
CELP60419719,X4,C031,9PWAC4C   M0142,,1,1,2018/3/1 12:00:00,7
CELP60419719,X4,C041,ELSHM12002C2252,,1,1,2018/3/1 12:00:00,8
CELP60419719,X4,C051,,,1,1,2018/3/1 12:00:00,9
CELP60419719,X4,C054,9WNSAC06P3M0142,,1,1,2018/3/1 12:00:00,10
CELP60419719,X4,C061,,,1,1,2018/3/1 12:00:00,11
CELP60419719,X4,C071,,,1,1,2018/3/1 12:00:00,12
CELP60419719,X4,C0F0,,,1,1,2018/3/1 12:00:00,13
CELP60419719,X4,C0B0,512299001 C2252,,1,1,2018/3/1 12:00:00,14
CELP60419719,X4,C02G,,,1,1,2018/3/1 12:00:00,15
CELP60419719,X4,C020,,,1,1,2018/3/1 12:00:00,16
CELP60419719,X4,C068,,,1,1,2018/3/1 12:00:00,17
CELP60419719,X4,C0C0,PC38401908M0194,,1,1,2018/3/1 12:00:00,18
CELP60419719,X4,C0F1,,,1,1,2018/3/1 12:00:00,19
CELP60419719,X4,C0B1,51013091  C2252,,1,1,2018/3/1 12:00:00,20
CELP60419719,X4,C02H,,,1,1,2018/3/1 12:00:00,21
CELP60419719,X4,C021,,,1,1,2018/3/1 12:00:00,22
CELP60419719,X4,C0B2,8A1853-TX C2252,,1,1,2018/3/1 12:00:00,23
CELP60419719,X4,C0JK,,,1,1,2018/3/1 12:00:00,24
CELP60419719,X4,C022,,,1,1,2018/3/1 12:00:00,25
CELP60419719,X4,C069,,,1,1,2018/3/1 12:00:00,26
CELP60419719,X4,C0C1,PC38401908M0194,,1,1,2018/3/1 12:00:00,27
CELP60419719,X4,C0DP,86842119D C2252,,1,1,2018/3/1 12:00:00,28
CELP60419719,X4,C0JR,,,1,1,2018/3/1 12:00:00,29
CELP60419719,X4,C023,,,1,1,2018/3/1 12:00:00,30
CELP60419719,X4,C06A,,,1,1,2018/3/1 12:00:00,31
CELP60419719,X4,C0B3,5181004243C2252,,1,1,2018/3/1 12:00:00,32
CELP60419719,X4,C0JS,,,1,1,2018/3/1 12:00:00,33
CELP60419719,X4,C024,,,1,1,2018/3/1 12:00:00,34
CELP60419719,X4,C0D6,8323LPA   C2252,,1,1,2018/3/1 12:00:00,35
CELP60419719,X4,C025,,,1,1,2018/3/1 12:00:00,36
CELP60419719,X4,C004,PTUPS001  M0465,,1,1,2018/3/1 12:00:00,37
CELP60419719,X4,C072,,,1,1,2018/3/1 12:00:00,39
CELP60419719,X4,C0FA,,,1,1,2018/3/1 12:00:00,40
CINP159-2831V2,O,C020,QSUB0177R2C1978,,1,1,2018/3/1 12:00:00,1
CINP159-2831V2,O,C030,9PWAC5B   M0089,,1,1,2018/3/1 12:00:00,2
CINP159-2831V2,O,C040,21H10025M3C1978,,1,1,2018/3/1 12:00:00,3
CINP159-2831V2,O,C050,,,1,1,2018/3/1 12:00:00,4
CINP159-2831V2,O,C061,,,1,1,2018/3/1 12:00:00,5
CINP159-2831V2,O,C07X,,,1,1,2018/3/1 12:00:00,6
CINP159-2831V2,O,C071,,,1,1,2018/3/1 12:00:00,7
CINP159-2831V2,O,C0B0,51T443-116C1978,,1,1,2018/3/1 12:00:00,8
CINP159-2831V2,O,C021,,,1,1,2018/3/1 12:00:00,9
CINP159-2831V2,O,C072,,,1,1,2018/3/1 12:00:00,10
CINP159-2831V2,O,C068,,,1,1,2018/3/1 12:00:00,11
CINP159-2831V2,O,C0C0,PC2912R35 M0053,,1,1,2018/3/1 12:00:00,12
CINP159-2831V2,O,CW06,,,1,1,2018/3/1 12:00:00,13
CINP159-2831V2,O,C073,,,1,1,2018/3/1 12:00:00,14
CINP159-2831V2,O,C0F0,,,1,1,2018/3/1 12:00:00,15
CINP159-2831V2,O,C069,,,1,1,2018/3/1 12:00:00,16
CINP159-2831V2,O,C0G7,LP-LID0090C1978,,1,1,2018/3/1 12:00:00,17
CINP159-2831V2,O,C02R,,,1,1,2018/3/1 12:00:00,19
CINP159-2831V2,O,C074,,,1,1,2018/3/1 12:00:00,20
CINP159-2831V2,O,C010,,,1,1,2018/3/1 12:00:00,21
CINP159-2831V2,O,C0GD,PVU275172KM0197,,1,1,2018/3/1 12:00:00,22
CINP159-2831V2,O,C08G,PED030010BM0192,,1,1,2018/3/1 12:00:00,23
CINP159-2831V2,O,C075,,,1,1,2018/3/1 12:00:00,24
CINP159-2831V2,O,C0EK,,,1,1,2018/3/1 12:00:00,25
CINP159-2831V2,O,C076,,,1,1,2018/3/1 12:00:00,27
CINP159-2831V2,O,C004,PTTRY-0103C1978,,1,1,2018/3/1 12:00:00,28
CINP159-2831V2,O,C0F1,,,1,1,2018/3/1 12:00:00,29
CINP159-2831V2,O,C02S,,,1,1,2018/3/1 12:00:00,30
CINP159-2831V2,O,C005,PASAS0240 M0562,,1,1,2018/3/1 12:00:00,31
CINP159-2831V2,O,C0FA,,,1,1,2018/3/1 12:00:00,32
CINP17-21089,D,C02R,PVA911-325M1047,,1,1,2018/3/1 12:00:00,1
CINP17-21089,D,C0GS,DINP17-21089,,1,1,2018/3/1 12:00:00,2
CINP17-21089,D,C0B0,2W56N-0173M0233,,1,1,2018/3/1 12:00:00,3
CINP17-21089,D,C020,,,1,1,2018/3/1 12:00:00,4
CINP17-21089,D,C0B1,2W10N-0129M0233,,1,1,2018/3/1 12:00:00,5
CINP17-21089,D,C021,,,1,1,2018/3/1 12:00:00,6
CINP17-21089,D,C070,,,1,1,2018/3/1 12:00:00,7
CINP17-21089,D,C068,,,1,1,2018/3/1 12:00:00,8
CINP17-21089,D,C0C0,PC2912R35 M0053,,1,1,2018/3/1 12:00:00,9
CINP17-21089,D,C071,,,1,1,2018/3/1 12:00:00,10
CINP17-21089,D,C072,,,1,1,2018/3/1 12:00:00,11
CINP17-21089,D,C0F1,,,1,1,2018/3/1 12:00:00,12
CINP17-21089,D,C069,,,1,1,2018/3/1 12:00:00,13
CINP17-21089,D,C0G7,LP17WS135 A1978,,1,1,2018/3/1 12:00:00,14
CINP17-21089,D,C02A-B,,,1,1,2018/3/1 12:00:00,15
CINP17-21089,D,C02S,,,1,1,2018/3/1 12:00:00,16
CINP17-21089,D,C073,,,1,1,2018/3/1 12:00:00,17
CINP17-21089,D,C010,,,1,1,2018/3/1 12:00:00,18
CINP17-21089,D,C074,,,1,1,2018/3/1 12:00:00,19
CINP17-21089,D,C0EK,,,1,1,2018/3/1 12:00:00,20
CINP17-21089,D,C0GA,,,1,1,2018/3/1 12:00:00,22
CINP17-21089,D,C075,,,1,1,2018/3/1 12:00:00,23
CINP17-21089,D,C004,PTPTR15156C1978,,1,1,2018/3/1 12:00:00,24
CINP17-21089,D,C0FA,,,1,1,2018/3/1 12:00:00,25
CINTPIV3,I,C01F,DINTBLACKBIRDS,,1,1,2018/3/1 12:00:00,1
CINTPIV3,I,C0GS,,,1,1,2018/3/1 12:00:00,2
CINTPIV3,I,C060,,,1,1,2018/3/1 12:00:00,3
CINTPIV3,I,C02R,,,1,1,2018/3/1 12:00:00,4
CINTPIV3,I,C068,,,1,1,2018/3/1 12:00:00,5
CINTPIV3,I,C070,,,1,1,2018/3/1 12:00:00,6
CINTPIV3,I,C0B0,82258,,1,1,2018/3/1 12:00:00,7
CINTPIV3,I,C020,,,1,1,2018/3/1 12:00:00,8
CINTPIV3,I,C0C0,PC38401908M0194,,1,1,2018/3/1 12:00:00,9
CINTPIV3,I,C07X,,,1,1,2018/3/1 12:00:00,10
CINTPIV3,I,C061,,,1,1,2018/3/1 12:00:00,11
CINTPIV3,I,C071,,,1,1,2018/3/1 12:00:00,12
CINTPIV3,I,C02S,,,1,1,2018/3/1 12:00:00,13
CINTPIV3,I,C06I,,,1,1,2018/3/1 12:00:00,14
CINTPIV3,I,C02T,,,1,1,2018/3/1 12:00:00,15
CINTPIV3,I,C069,,,1,1,2018/3/1 12:00:00,16
CINTPIV3,I,C0KQ,8DC7920,,1,1,2018/3/1 12:00:00,17
CINTPIV3,I,C021,,,1,1,2018/3/1 12:00:00,18
CINTPIV3,I,C0DG,8EP691    M0100,,1,1,2018/3/1 12:00:00,19
CINTPIV3,I,C022,,,1,1,2018/3/1 12:00:00,20
CINTPIV3,I,C072,,,1,1,2018/3/1 12:00:00,21
CINTPIV3,I,C0F0,,,1,1,2018/3/1 12:00:00,22
CINTPIV3,I,C0GT,PTRAYBLACKM0431,,1,1,2018/3/1 12:00:00,23
CINTPIV3,I,C0M6,,,1,1,2018/3/1 12:00:00,24
CINTPIV3,I,C0M2,,,1,1,2018/3/1 12:00:00,25
CINTPIV3,I,C094-B,,,1,1,2018/3/1 12:00:00,27
CINTPIV3,I,C095,,,1,1,2018/3/1 12:00:00,28
CINTPIV3,I,C0M0,YTDBSA    M1011,,1,1,2018/3/1 12:00:00,29
CINTPIV3,I,C073,,,1,1,2018/3/1 12:00:00,30
CINTPIV3,I,C0F1,,,1,1,2018/3/1 12:00:00,31
CINTPIV3,I,C004,PASAS0240 M0562,,1,1,2018/3/1 12:00:00,32
CINTPIV3,I,C0FA,,,1,1,2018/3/1 12:00:00,33
CLLN0046B-NS,A,C038,9FWWSX-FD M0017,,1,1,2018/3/1 12:00:00,1
CLLN0046B-NS,A,C0BA,5132470203C1784,,1,1,2018/3/1 12:00:00,2
CLLN0046B-NS,A,C070-B,,,1,1,2018/3/1 12:00:00,3
CLLN0046B-NS,A,C050,,,1,1,2018/3/1 12:00:00,4
CLLN0046B-NS,A,C071-B,,,1,1,2018/3/1 12:00:00,5
CLLN0046B-NS,A,C060,,,1,1,2018/3/1 12:00:00,6
CLLN0046B-NS,A,C07X,,,1,1,2018/3/1 12:00:00,8
CLLN0046B-NS,A,C072,PT0155A   C1784,,1,1,2018/3/1 12:00:00,9
CLLN0046B-NS,A,C01G,,,1,1,2018/3/1 12:00:00,10
CLLN0046B-NS,A,C0F0-B,,,1,1,2018/3/1 12:00:00,15
CLLN0046B-NS,A,C0HU-B,,,1,1,2018/3/1 12:00:00,16
CLLN0046B-NS,A,C0FA,,,1,1,2018/3/1 12:00:00,17
CLLN0046B-NS,A,C004-B,,,1,1,2018/3/1 12:00:00,18
CLLN0290J-NS,O,C038,9FWWSX-FD M0017,,1,1,2018/3/1 12:00:00,1
CLLN0290J-NS,O,C0BA,,,1,1,2018/3/1 12:00:00,2
CLLN0290J-NS,O,C050,,,1,1,2018/3/1 12:00:00,4
CLLN0290J-NS,O,C060,,,1,1,2018/3/1 12:00:00,6
CLLN0290J-NS,O,C07X,,,1,1,2018/3/1 12:00:00,8
CLLN0290J-NS,O,C072,,,1,1,2018/3/1 12:00:00,9
CLLN0290J-NS,O,C01G,,,1,1,2018/3/1 12:00:00,10
CLLN0290J-NS,O,C0FA,,,1,1,2018/3/1 12:00:00,17
CLUSPTM40CGP1N,X0,C0B0,51400945  C1048,,1,1,2018/3/1 12:00:00,1
CLUSPTM40CGP1N,X0,C05P,P-PTFE1530M0466,,1,1,2018/3/1 12:00:00,2
CLUSPTM40CGP1N,X0,C070,,,1,1,2018/3/1 12:00:00,3
CLUSPTM40CGP1N,X0,C0C0,PC38401908M0194,,1,1,2018/3/1 12:00:00,4
CLUSPTM40CGP1N,X0,C0GW,8TD1001,,1,1,2018/3/1 12:00:00,5
CLUSPTM40CGP1N,X0,C020,,,1,1,2018/3/1 12:00:00,6
CLUSPTM40CGP1N,X0,C071,,,1,1,2018/3/1 12:00:00,7
CLUSPTM40CGP1N,X0,C0B1,8LS2-6140AM0499,,1,1,2018/3/1 12:00:00,8
CLUSPTM40CGP1N,X0,C0JL,,,1,1,2018/3/1 12:00:00,9
CLUSPTM40CGP1N,X0,C072,,,1,1,2018/3/1 12:00:00,10
CLUSPTM40CGP1N,X0,C0D6,8L2412W50AM0182,,1,1,2018/3/1 12:00:00,11
CLUSPTM40CGP1N,X0,C0JM,,,1,1,2018/3/1 12:00:00,12
CLUSPTM40CGP1N,X0,C073,,,1,1,2018/3/1 12:00:00,13
CLUSPTM40CGP1N,X0,C09K,PS2520A   M0199,,1,1,2018/3/1 12:00:00,14
CLUSPTM40CGP1N,X0,C074,,,1,1,2018/3/1 12:00:00,15
CLUSPTM40CGP1N,X0,C0F1,,,1,1,2018/3/1 12:00:00,16
CLUSPTM40CGP1N,X0,C0K8,,,1,1,2018/3/1 12:00:00,17
CLUSPTM40CGP1N,X0,C0FA,,,1,1,2018/3/1 12:00:00,18
CMCRMLT+B,O,C010,DMCRMLSMT,,1,1,2018/3/1 12:00:00,1
CMCRMLT+B,O,C011,,,1,1,2018/3/1 12:00:00,2
CMCRMLT+B,O,C070,,,1,1,2018/3/1 12:00:00,3
CMCRMLT+B,O,C068,,,1,1,2018/3/1 12:00:00,4
CMCRMLT+B,O,C0B0,82035SC,,1,1,2018/3/1 12:00:00,5
CMCRMLT+B,O,C020,,,1,1,2018/3/1 12:00:00,6
CMCRMLT+B,O,C0HU,,,1,1,2018/3/1 12:00:00,7
CMCRMLT+B,O,C069,,,1,1,2018/3/1 12:00:00,8
CMCRMLT+B,O,C0CC,PC2520W7CFM0871,,1,1,2018/3/1 12:00:00,9
CMCRMLT+B,O,C0DP,89001V3.7,,1,1,2018/3/1 12:00:00,10
CMCRMLT+B,O,C02G,,,1,1,2018/3/1 12:00:00,11
CMCRMLT+B,O,C08G,PER088064 M0192,,1,1,2018/3/1 12:00:00,12
CMCRMLT+B,O,C071,PVA170123 M1067,,1,1,2018/3/1 12:00:00,13
CMCRMLT+B,O,C004,PT0121A   M0830,,1,1,2018/3/1 12:00:00,14
CMCRMLT+B,O,C0K8,PS3525A   M0315,,1,1,2018/3/1 12:00:00,15
CMCRMLT+B,O,C09U,,,1,1,2018/3/1 12:00:00,16
CMCRMLT+B,O,C094,,,1,1,2018/3/1 12:00:00,17
CMCRMLT+B,O,C0FB,,,1,1,2018/3/1 12:00:00,18
CMCRMLT+B,O,C09G,,,1,1,2018/3/1 12:00:00,19
CMCRMLT+B,O,C07E,,,1,1,2018/3/1 12:00:00,20
CMCRMLT+B,O,C0F0,,,1,1,2018/3/1 12:00:00,21
CMCRMLT+B,O,C0FA,,,1,1,2018/3/1 12:00:00,22
CPCT868W0850SEG,X2,C0B0,518W850SEGC1667,,1,1,2018/3/1 12:00:00,1
CPCT868W0850SEG,X2,C020,,,1,1,2018/3/1 12:00:00,2
CPCT868W0850SEG,X2,C068-B,,,1,1,2018/3/1 12:00:00,3
CPCT868W0850SEG,X2,C0C0,PC38401908M0194,,1,1,2018/3/1 12:00:00,4
CPCT868W0850SEG,X2,C0JG,,,1,1,2018/3/1 12:00:00,6
CPCT868W0850SEG,X2,C09C,,,1,1,2018/3/1 12:00:00,7
CPCT868W0850SEG,X2,C09D,,,1,1,2018/3/1 12:00:00,8
CPCT868W0850SEG,X2,C08G,PER4510QKPM0192,,1,1,2018/3/1 12:00:00,9
CPCT868W0850SEG,X2,C070,,,1,1,2018/3/1 12:00:00,10
CPCT868W0850SEG,X2,C07E,,,1,1,2018/3/1 12:00:00,11
CPCT868W0850SEG,X2,C004,P-33X33X05M0465,,1,1,2018/3/1 12:00:00,12
CPCT868W0850SEG,X2,C0FA,,,1,1,2018/3/1 12:00:00,13
CPCTV05W6047,X0,C0B0,5105W850R2C1667,,1,1,2018/3/1 12:00:00,1
CPCTV05W6047,X0,C020,,,1,1,2018/3/1 12:00:00,2
CPCTV05W6047,X0,C0C0,PC27602610M0194,,1,1,2018/3/1 12:00:00,4
CPCTV05W6047,X0,C0JG,,,1,1,2018/3/1 12:00:00,6
CPCTV05W6047,X0,C09C,,,1,1,2018/3/1 12:00:00,7
CPCTV05W6047,X0,C08G,PER4510QKPM0192,,1,1,2018/3/1 12:00:00,8
CPCTV05W6047,X0,C070,,,1,1,2018/3/1 12:00:00,9
CPCTV05W6047,X0,C0GW,884-3,,1,1,2018/3/1 12:00:00,10
CPCTV05W6047,X0,C021,,,1,1,2018/3/1 12:00:00,11
CPCTV05W6047,X0,C0GD,PVU6360270M0228,,1,1,2018/3/1 12:00:00,12
CPCTV05W6047,X0,C09D,,,1,1,2018/3/1 12:00:00,13
CPCTV05W6047,X0,C07E,,,1,1,2018/3/1 12:00:00,14
CPCTV05W6047,X0,C0F1,,,1,1,2018/3/1 12:00:00,15
CPCTV05W6047,X0,C004,PF269893  M0109,,1,1,2018/3/1 12:00:00,16
CPCTV05W6047,X0,C0FA,,,1,1,2018/3/1 12:00:00,17
CPCTV4W0850,X2,C0B0,514W0850-1C1667,,1,1,2018/3/1 12:00:00,1
CPCTV4W0850,X2,C050,,,1,1,2018/3/1 12:00:00,2
CPCTV4W0850,X2,C07K,,,1,1,2018/3/1 12:00:00,3
CPCTV4W0850,X2,C068,,,1,1,2018/3/1 12:00:00,5
CPCTV4W0850,X2,C0C0,PC38401908M0194,,1,1,2018/3/1 12:00:00,6
CPCTV4W0850,X2,C0JG,,,1,1,2018/3/1 12:00:00,8
CPCTV4W0850,X2,C09C,,,1,1,2018/3/1 12:00:00,9
CPCTV4W0850,X2,C08G,PER4510QKPM0192,,1,1,2018/3/1 12:00:00,10
CPCTV4W0850,X2,C071,,,1,1,2018/3/1 12:00:00,11
CPCTV4W0850,X2,C004,,,1,1,2018/3/1 12:00:00,12
CPCTV4W0850,X2,C0FA,,,1,1,2018/3/1 12:00:00,13
CPLTTPSPLE+B,X2,C0GS,PVAPI6040LM0896,,1,1,2018/3/1 12:00:00,1
CPLTTPSPLE+B,X2,C0B0,DPLTGLA25A,,1,1,2018/3/1 12:00:00,2
CPLTTPSPLE+B,X2,C060,,,1,1,2018/3/1 12:00:00,3
CPLTTPSPLE+B,X2,C070,,,1,1,2018/3/1 12:00:00,4
CPLTTPSPLE+B,X2,C0D6,8PLTP57   C1699,,1,1,2018/3/1 12:00:00,5
CPLTTPSPLE+B,X2,C0B1,DPLTTSPD+B,,1,1,2018/3/1 12:00:00,6
CPLTTPSPLE+B,X2,C071,,,1,1,2018/3/1 12:00:00,7
CPLTTPSPLE+B,X2,C02R,,,1,1,2018/3/1 12:00:00,8
CPLTTPSPLE+B,X2,C072,,,1,1,2018/3/1 12:00:00,9
CPLTTPSPLE+B,X2,C09M,,,1,1,2018/3/1 12:00:00,10
CPLTTPSPLE+B,X2,C0GE,,,1,1,2018/3/1 12:00:00,11
CPLTTPSPLE+B,X2,C0F0,,,1,1,2018/3/1 12:00:00,12
CPLTTPSPLE+B,X2,C0B2,E4FRAMEIC1C1699,,1,1,2018/3/1 12:00:00,13
CPLTTPSPLE+B,X2,C073,,,1,1,2018/3/1 12:00:00,14
CPLTTPSPLE+B,X2,C0C0,PC30301503M0194,,1,1,2018/3/1 12:00:00,15
CPLTTPSPLE+B,X2,C0D7,8DOLT2224 C1699,,1,1,2018/3/1 12:00:00,16
CPLTTPSPLE+B,X2,C020,,,1,1,2018/3/1 12:00:00,17
CPLTTPSPLE+B,X2,C074,,,1,1,2018/3/1 12:00:00,18
CPLTTPSPLE+B,X2,C0MB,,,1,1,2018/3/1 12:00:00,19
CPLTTPSPLE+B,X2,C0GD,PVAU2091JNM0197,,1,1,2018/3/1 12:00:00,20
CPLTTPSPLE+B,X2,C0H0,PVA538004BC1699,,1,1,2018/3/1 12:00:00,21
CPLTTPSPLE+B,X2,C0B3,E4FRAMEIC1C1699,,1,1,2018/3/1 12:00:00,22
CPLTTPSPLE+B,X2,C075,,,1,1,2018/3/1 12:00:00,23
CPLTTPSPLE+B,X2,C0F1,,,1,1,2018/3/1 12:00:00,24
CPLTTPSPLE+B,X2,C094,PTPLT4SQ  C1699,,1,1,2018/3/1 12:00:00,26
CPLTTPSPLE+B,X2,C0F2,,,1,1,2018/3/1 12:00:00,27
CPLTTPSPLE+B,X2,C004,PASA250250M0315,,1,1,2018/3/1 12:00:00,28
CPLTTPSPLE+B,X2,C0FA,,,1,1,2018/3/1 12:00:00,29
CPLTTSPLE+B,X2,C0GS,PVAPI6040LM0896,,1,1,2018/3/1 12:00:00,1
CPLTTSPLE+B,X2,C0B0,DPLTGLA25A,,1,1,2018/3/1 12:00:00,2
CPLTTSPLE+B,X2,C060,,,1,1,2018/3/1 12:00:00,3
CPLTTSPLE+B,X2,C070,,,1,1,2018/3/1 12:00:00,4
CPLTTSPLE+B,X2,C0D6,8PLTP57   C1699,,1,1,2018/3/1 12:00:00,5
CPLTTSPLE+B,X2,C0B1,DPLTTSPND+B,,1,1,2018/3/1 12:00:00,6
CPLTTSPLE+B,X2,C071,,,1,1,2018/3/1 12:00:00,7
CPLTTSPLE+B,X2,C02R,,,1,1,2018/3/1 12:00:00,8
CPLTTSPLE+B,X2,C072,,,1,1,2018/3/1 12:00:00,9
CPLTTSPLE+B,X2,C09M,,,1,1,2018/3/1 12:00:00,10
CPLTTSPLE+B,X2,C0GE,,,1,1,2018/3/1 12:00:00,11
CPLTTSPLE+B,X2,C0F0,,,1,1,2018/3/1 12:00:00,12
CPLTTSPLE+B,X2,C094,PT0138T   C1699,,1,1,2018/3/1 12:00:00,14
CPLTTSPLE+B,X2,C0F1,,,1,1,2018/3/1 12:00:00,15
CPLTTSPLE+B,X2,C004,PASA250250M0315,,1,1,2018/3/1 12:00:00,16
CPLTTSPLE+B,X2,C0FA,,,1,1,2018/3/1 12:00:00,17
CPUL806E2A,I,C020,Q80V06-V4 M0484,,1,1,2018/3/1 12:00:00,1
CPUL806E2A,I,C030,9PNAC4A   M0142,,1,1,2018/3/1 12:00:00,2
CPUL806E2A,I,C040,21733084M3M0233,,1,1,2018/3/1 12:00:00,3
CPUL806E2A,I,C070-B,,,1,1,2018/3/1 12:00:00,4
CPUL806E2A,I,C050-B,,,1,1,2018/3/1 12:00:00,5
CPUL806E2A,I,C060,,,1,1,2018/3/1 12:00:00,6
CPUL806E2A,I,C071,PT0064AD  M0201,,1,1,2018/3/1 12:00:00,7
CPUL806E2A,I,C0BA,51QA-NABE2M0507,,1,1,2018/3/1 12:00:00,8
CPUL806E2A,I,C072-B,,,1,1,2018/3/1 12:00:00,9
CPUL806E2A,I,C051-B,,,1,1,2018/3/1 12:00:00,10
CPUL806E2A,I,C07A-B,,,1,1,2018/3/1 12:00:00,11
CPUL806E2A,I,C061,,,1,1,2018/3/1 12:00:00,12
CPUL806E2A,I,C073,,,1,1,2018/3/1 12:00:00,13
CPUL806E2A,I,C021,,,1,1,2018/3/1 12:00:00,14
CPUL806E2A,I,C0D6,8SC3082,,1,1,2018/3/1 12:00:00,15
CPUL806E2A,I,C022,,,1,1,2018/3/1 12:00:00,16
CPUL806E2A,I,C074,,,1,1,2018/3/1 12:00:00,17
CPUL806E2A,I,C031,9PNAC4A   M0142,,1,1,2018/3/1 12:00:00,19
CPUL806E2A,I,C052-B,,,1,1,2018/3/1 12:00:00,20
CPUL806E2A,I,C062-B,,,1,1,2018/3/1 12:00:00,21
CPUL806E2A,I,C075,,,1,1,2018/3/1 12:00:00,22
CPUL806E2A,I,C0F1,,,1,1,2018/3/1 12:00:00,23
CPUL806E2A,I,C09C,,,1,1,2018/3/1 12:00:00,24
CPUL806E2A,I,C07E,,,1,1,2018/3/1 12:00:00,25
CPUL806E2A,I,C004,PT0064AD  M0201,,1,1,2018/3/1 12:00:00,26
CPUL806E2A,I,C0FA,,,1,1,2018/3/1 12:00:00,27
CSAMS5K4A1+B,X8,C01F,,,1,1,2018/3/1 12:00:00,1
CSAMS5K4A1+B,X8,C070,,,1,1,2018/3/1 12:00:00,2
CSAMS5K4A1+B,X8,C0GS,DSAMS5K4A1+B,,1,1,2018/3/1 12:00:00,3
CSAMS5K4A1+B,X8,C06E,,,1,1,2018/3/1 12:00:00,4
CSAMS5K4A1+B,X8,C02R,,,1,1,2018/3/1 12:00:00,5
CSAMS5K4A1+B,X8,C0D6,82428TWH  M0182,,1,1,2018/3/1 12:00:00,6
CSAMS5K4A1+B,X8,C020,,,1,1,2018/3/1 12:00:00,7
CSAMS5K4A1+B,X8,C068,,,1,1,2018/3/1 12:00:00,8
CSAMS5K4A1+B,X8,C0B0,82053S    MA020,,1,1,2018/3/1 12:00:00,9
CSAMS5K4A1+B,X8,C021,,,1,1,2018/3/1 12:00:00,10
CSAMS5K4A1+B,X8,C0C0,PC38401908M0194,,1,1,2018/3/1 12:00:00,11
CSAMS5K4A1+B,X8,C06F,,,1,1,2018/3/1 12:00:00,12
CSAMS5K4A1+B,X8,C071,,,1,1,2018/3/1 12:00:00,13
CSAMS5K4A1+B,X8,C02S,,,1,1,2018/3/1 12:00:00,14
CSAMS5K4A1+B,X8,C072,,,1,1,2018/3/1 12:00:00,15
CSAMS5K4A1+B,X8,C0DP,8UVT694   M0451,,1,1,2018/3/1 12:00:00,16
CSAMS5K4A1+B,X8,C0GX,DSAM671603DAR+B,,1,1,2018/3/1 12:00:00,17
CSAMS5K4A1+B,X8,C02G,,,1,1,2018/3/1 12:00:00,18
CSAMS5K4A1+B,X8,C073,,,1,1,2018/3/1 12:00:00,19
CSAMS5K4A1+B,X8,C022,,,1,1,2018/3/1 12:00:00,20
CSAMS5K4A1+B,X8,C0F0,,,1,1,2018/3/1 12:00:00,21
CSAMS5K4A1+B,X8,C06G,,,1,1,2018/3/1 12:00:00,22
CSAMS5K4A1+B,X8,C02T,,,1,1,2018/3/1 12:00:00,23
CSAMS5K4A1+B,X8,C069,,,1,1,2018/3/1 12:00:00,24
CSAMS5K4A1+B,X8,C0D7,8FP4802,,1,1,2018/3/1 12:00:00,25
CSAMS5K4A1+B,X8,C074,,,1,1,2018/3/1 12:00:00,26
CSAMS5K4A1+B,X8,C023,,,1,1,2018/3/1 12:00:00,27
CSAMS5K4A1+B,X8,C075,,,1,1,2018/3/1 12:00:00,28
CSAMS5K4A1+B,X8,C0F1,,,1,1,2018/3/1 12:00:00,29
CSAMS5K4A1+B,X8,C038,9FWWSX-FD M0017,,1,1,2018/3/1 12:00:00,31
CSAMS5K4A1+B,X8,C048,9LAC50    M0142,,1,1,2018/3/1 12:00:00,32
CSAMS5K4A1+B,X8,C076,,,1,1,2018/3/1 12:00:00,35
CSAMS5K4A1+B,X8,C08G,PED030010BM0192,,1,1,2018/3/1 12:00:00,36
CSAMS5K4A1+B,X8,C02V,,,1,1,2018/3/1 12:00:00,37
CSAMS5K4A1+B,X8,C077,,,1,1,2018/3/1 12:00:00,38
CSAMS5K4A1+B,X8,C0GT,PTH-161213M0120,,1,1,2018/3/1 12:00:00,39
CSAMS5K4A1+B,X8,C094,,,1,1,2018/3/1 12:00:00,40
CSAMS5K4A1+B,X8,C07F,,,1,1,2018/3/1 12:00:00,41
CSAMS5K4A1+B,X8,C0F2,,,1,1,2018/3/1 12:00:00,42
CSAMS5K4A1+B,X8,C0I9,PVA3655CT M0197,,1,1,2018/3/1 12:00:00,43
CSAMS5K4A1+B,X8,C02W,,,1,1,2018/3/1 12:00:00,44
CSAMS5K4A1+B,X8,C004,PASAS0240 M0562,,1,1,2018/3/1 12:00:00,45
CSAMS5K4A1+B,X8,C0FA,,,1,1,2018/3/1 12:00:00,46
CSON6541E2B10,O,C0BA,51SONE2BM C1149,,1,1,2018/3/1 12:00:00,1
CSON6541E2B10,O,C072,,,1,1,2018/3/1 12:00:00,2
CSON6541E2B10,O,C051-B,,,1,1,2018/3/1 12:00:00,3
CSON6541E2B10,O,C062-B,,,1,1,2018/3/1 12:00:00,4
CSON6541E2B10,O,C073,,,1,1,2018/3/1 12:00:00,5
CSON6541E2B10,O,C02R,,,1,1,2018/3/1 12:00:00,6
CSON6541E2B10,O,C0D6,8SC3082,,1,1,2018/3/1 12:00:00,7
CSON6541E2B10,O,C022-B,,,1,1,2018/3/1 12:00:00,8
CSON6541E2B10,O,C074,,,1,1,2018/3/1 12:00:00,9
CSON6541E2B10,O,C031,9PNAC4A   M0142,,1,1,2018/3/1 12:00:00,11
CSON6541E2B10,O,C052-B,,,1,1,2018/3/1 12:00:00,12
CSON6541E2B10,O,C061-B,,,1,1,2018/3/1 12:00:00,13
CSON6541E2B10,O,C075,,,1,1,2018/3/1 12:00:00,14
CSON6541E2B10,O,C09C,,,1,1,2018/3/1 12:00:00,15
CSON6541E2B10,O,C08G,PANW-126N M0782,,1,1,2018/3/1 12:00:00,16
CSON6541E2B10,O,C07E,,,1,1,2018/3/1 12:00:00,17
CSON6541E2B10,O,C0F1,,,1,1,2018/3/1 12:00:00,18
CSON6541E2B10,O,C004,PF266854  M0109,,1,1,2018/3/1 12:00:00,19
CSON6541E2B10,O,C0FA,,,1,1,2018/3/1 12:00:00,20
CULSM80L120,X1,C02R,QULISP2TA0M0202,,1,1,2018/3/1 12:00:00,1
CULSM80L120,X1,C030,9PWAC4A   M0089,,1,1,2018/3/1 12:00:00,2
CULSM80L120,X1,C040,21M10035M3M0233,,1,1,2018/3/1 12:00:00,3
CULSM80L120,X1,C050,,,1,1,2018/3/1 12:00:00,4
CULSM80L120,X1,C060,,,1,1,2018/3/1 12:00:00,5
CULSM80L120,X1,C08G,PED32510  M0408,,1,1,2018/3/1 12:00:00,6
CULSM80L120,X1,C02S,,,1,1,2018/3/1 12:00:00,7
CULSM80L120,X1,C0GS,,,1,1,2018/3/1 12:00:00,8
CULSM80L120,X1,C061,,,1,1,2018/3/1 12:00:00,9
CULSM80L120,X1,C02T,,,1,1,2018/3/1 12:00:00,10
CULSM80L120,X1,C068,,,1,1,2018/3/1 12:00:00,11
CULSM80L120,X1,C070,,,1,1,2018/3/1 12:00:00,12
CULSM80L120,X1,C0B0,82035SC,,1,1,2018/3/1 12:00:00,13
CULSM80L120,X1,C020,,,1,1,2018/3/1 12:00:00,14
CULSM80L120,X1,C0C0,PC40401318M0930,,1,1,2018/3/1 12:00:00,15
CULSM80L120,X1,C06E,,,1,1,2018/3/1 12:00:00,16
CULSM80L120,X1,C071,,,1,1,2018/3/1 12:00:00,17
CULSM80L120,X1,C0F0,,,1,1,2018/3/1 12:00:00,18
CULSM80L120,X1,C02U,,,1,1,2018/3/1 12:00:00,19
CULSM80L120,X1,C069,,,1,1,2018/3/1 12:00:00,20
CULSM80L120,X1,C0KC,83128,,1,1,2018/3/1 12:00:00,21
CULSM80L120,X1,C021,,,1,1,2018/3/1 12:00:00,22
CULSM80L120,X1,C02V,,,1,1,2018/3/1 12:00:00,23
CULSM80L120,X1,C038,9FN6502   M0049,,1,1,2018/3/1 12:00:00,24
CULSM80L120,X1,C048,9LAC50    M0142,,1,1,2018/3/1 12:00:00,25
CULSM80L120,X1,C051,,,1,1,2018/3/1 12:00:00,26
CULSM80L120,X1,C01F,,,1,1,2018/3/1 12:00:00,27
CULSM80L120,X1,C0GT,PTEAA08190M0594,,1,1,2018/3/1 12:00:00,28
CULSM80L120,X1,C072,,,1,1,2018/3/1 12:00:00,29
CULSM80L120,X1,C004,PASAS0240 M0562,,1,1,2018/3/1 12:00:00,30
CULSM80L120,X1,C0FA,,,1,1,2018/3/1 12:00:00,31
CULSM80P2CCMC+B,X0,C02R,QULISP2TA0M0202,,1,1,2018/3/1 12:00:00,1
CULSM80P2CCMC+B,X0,C030,9PWAC4A   M0089,,1,1,2018/3/1 12:00:00,2
CULSM80P2CCMC+B,X0,C040,21M10035M3M0233,,1,1,2018/3/1 12:00:00,3
CULSM80P2CCMC+B,X0,C050,,,1,1,2018/3/1 12:00:00,4
CULSM80P2CCMC+B,X0,C060,,,1,1,2018/3/1 12:00:00,5
CULSM80P2CCMC+B,X0,C08G,PED32510  M0408,,1,1,2018/3/1 12:00:00,6
CULSM80P2CCMC+B,X0,C02S,,,1,1,2018/3/1 12:00:00,7
CULSM80P2CCMC+B,X0,C0GS,,,1,1,2018/3/1 12:00:00,8
CULSM80P2CCMC+B,X0,C061,,,1,1,2018/3/1 12:00:00,9
CULSM80P2CCMC+B,X0,C02T,,,1,1,2018/3/1 12:00:00,10
CULSM80P2CCMC+B,X0,C068,,,1,1,2018/3/1 12:00:00,11
CULSM80P2CCMC+B,X0,C0B0,82035SC,,1,1,2018/3/1 12:00:00,12
CULSM80P2CCMC+B,X0,C020,,,1,1,2018/3/1 12:00:00,13
CULSM80P2CCMC+B,X0,C070,,,1,1,2018/3/1 12:00:00,14
CULSM80P2CCMC+B,X0,C0B1,82035SC,,1,1,2018/3/1 12:00:00,15
CULSM80P2CCMC+B,X0,C021,,,1,1,2018/3/1 12:00:00,16
CULSM80P2CCMC+B,X0,C0C0,PC40401318M0930,,1,1,2018/3/1 12:00:00,17
CULSM80P2CCMC+B,X0,C06F,,,1,1,2018/3/1 12:00:00,18
CULSM80P2CCMC+B,X0,C071,,,1,1,2018/3/1 12:00:00,19
CULSM80P2CCMC+B,X0,C0F0,,,1,1,2018/3/1 12:00:00,20
CULSM80P2CCMC+B,X0,C02U,,,1,1,2018/3/1 12:00:00,21
CULSM80P2CCMC+B,X0,C069,,,1,1,2018/3/1 12:00:00,22
CULSM80P2CCMC+B,X0,C0KC,83128,,1,1,2018/3/1 12:00:00,23
CULSM80P2CCMC+B,X0,C022,,,1,1,2018/3/1 12:00:00,24
CULSM80P2CCMC+B,X0,C02V,,,1,1,2018/3/1 12:00:00,25
CULSM80P2CCMC+B,X0,C038,9FN6502   M0049,,1,1,2018/3/1 12:00:00,26
CULSM80P2CCMC+B,X0,C048,9LAC50    M0142,,1,1,2018/3/1 12:00:00,27
CULSM80P2CCMC+B,X0,C051,,,1,1,2018/3/1 12:00:00,28
CULSM80P2CCMC+B,X0,C010,,,1,1,2018/3/1 12:00:00,29
CULSM80P2CCMC+B,X0,C0GT,PTEAA08190M0594,,1,1,2018/3/1 12:00:00,30
CULSM80P2CCMC+B,X0,C072,,,1,1,2018/3/1 12:00:00,31
CULSM80P2CCMC+B,X0,C004,PASAS0240 M0562,,1,1,2018/3/1 12:00:00,32
CULSM80P2CCMC+B,X0,C0FA,,,1,1,2018/3/1 12:00:00,33
