機台編號,作業方式,機台產能,機台時間,lastUpdatedDate
CR-046,PDCB,1,1,2018/3/1 12:00:00
CR-022,PDCB,1,1,2018/3/1 12:00:00
CR-046,PDCA,1,1,2018/3/1 12:00:00
CR-022,PDCA,1,1,2018/3/1 12:00:00
CR-051,PDGF,1,1,2018/3/1 12:00:00
SP-007,PDSA,1,1,2018/3/1 12:00:00
SP-006,PDSA,1,1,2018/3/1 12:00:00
SP-005,PDSA,1,1,2018/3/1 12:00:00
SP-004,PDSA,1,1,2018/3/1 12:00:00
SP-007,PDSB,1,1,2018/3/1 12:00:00
SP-006,PDSB,1,1,2018/3/1 12:00:00
SP-005,PDSB,1,1,2018/3/1 12:00:00
SP-004,PDSB,1,1,2018/3/1 12:00:00
PL-024,PDPS,1,1,2018/3/1 12:00:00
PL-024,PDQW,1,1,2018/3/1 12:00:00
DR-007,PDBA,1,1,2018/3/1 12:00:00
DR-006,PDBA,1,1,2018/3/1 12:00:00
DR-005,PDBA,1,1,2018/3/1 12:00:00
DR-004,PDBA,1,1,2018/3/1 12:00:00
DR-003,PDBA,1,1,2018/3/1 12:00:00
DR-001,PDBA,1,1,2018/3/1 12:00:00
DR-003,PDBB,1,1,2018/3/1 12:00:00
DR-001,PDBB,1,1,2018/3/1 12:00:00
EX-019,PDEE,1,1,2018/3/1 12:00:00
EX-018,PDEE,1,1,2018/3/1 12:00:00
EX-016,PDEE,1,1,2018/3/1 12:00:00
EX-017,PDEE,1,1,2018/3/1 12:00:00
EX-015,PDEE,1,1,2018/3/1 12:00:00
EX-007,PDEE,1,1,2018/3/1 12:00:00
EX-002,PDEE,1,1,2018/3/1 12:00:00
EX-004,PDEE,1,1,2018/3/1 12:00:00
EX-017,PDEG,1,1,2018/3/1 12:00:00
EX-015,PDEG,1,1,2018/3/1 12:00:00
EX-007,PDEG,1,1,2018/3/1 12:00:00
EX-002,PDEG,1,1,2018/3/1 12:00:00
EX-004,PDEG,1,1,2018/3/1 12:00:00
DM-005,PDDD,1,1,2018/3/1 12:00:00
DM-005,PDDC,1,1,2018/3/1 12:00:00
PL-017,PDPA,1,1,2018/3/1 12:00:00
PL-015,PDPA,1,1,2018/3/1 12:00:00
PL-013,PDPA,1,1,2018/3/1 12:00:00
PL-012,PDPA,1,1,2018/3/1 12:00:00
PL-011,PDPA,1,1,2018/3/1 12:00:00
PL-007,PDPA,1,1,2018/3/1 12:00:00
PL-006,PDPA,1,1,2018/3/1 12:00:00
PL-002,PDPA,1,1,2018/3/1 12:00:00
PL-017,PDPG,1,1,2018/3/1 12:00:00
PL-015,PDPG,1,1,2018/3/1 12:00:00
PL-013,PDPG,1,1,2018/3/1 12:00:00
PL-012,PDPG,1,1,2018/3/1 12:00:00
PL-011,PDPG,1,1,2018/3/1 12:00:00
PL-007,PDPG,1,1,2018/3/1 12:00:00
PL-006,PDPG,1,1,2018/3/1 12:00:00
PL-002,PDPG,1,1,2018/3/1 12:00:00
GP-007,PDH2,1,1,2018/3/1 12:00:00
GP-005,PDH2,1,1,2018/3/1 12:00:00
GP-007,PDAL,1,1,2018/3/1 12:00:00
GP-005,PDAL,1,1,2018/3/1 12:00:00
GP-007,PDAB,1,1,2018/3/1 12:00:00
GP-005,PDAB,1,1,2018/3/1 12:00:00
DK-012,PDH3,1,1,2018/3/1 12:00:00
DK-010,PDH3,1,1,2018/3/1 12:00:00
DK-009,PDH3,1,1,2018/3/1 12:00:00
DK-008,PDH3,1,1,2018/3/1 12:00:00
DK-007,PDH3,1,1,2018/3/1 12:00:00
DK-003,PDH3,1,1,2018/3/1 12:00:00
DK-011,PDH3,1,1,2018/3/1 12:00:00
DK-004,PDH3,1,1,2018/3/1 12:00:00
DK-002,PDH3,1,1,2018/3/1 12:00:00
DK-001,PDH3,1,1,2018/3/1 12:00:00
DK-012,PDAQ,1,1,2018/3/1 12:00:00
DK-010,PDAQ,1,1,2018/3/1 12:00:00
DK-009,PDAQ,1,1,2018/3/1 12:00:00
DK-008,PDAQ,1,1,2018/3/1 12:00:00
DK-007,PDAQ,1,1,2018/3/1 12:00:00
DK-003,PDAQ,1,1,2018/3/1 12:00:00
DK-011,PDAQ,1,1,2018/3/1 12:00:00
DK-004,PDAQ,1,1,2018/3/1 12:00:00
DK-002,PDAQ,1,1,2018/3/1 12:00:00
DK-001,PDAQ,1,1,2018/3/1 12:00:00
PL-016,PDPW,1,1,2018/3/1 12:00:00
PL-010,PDPW,1,1,2018/3/1 12:00:00
PL-016,PDPJ,1,1,2018/3/1 12:00:00
PL-010,PDPJ,1,1,2018/3/1 12:00:00
PL-022,PDQK,1,1,2018/3/1 12:00:00
ME-005,PDTH,1,1,2018/3/1 12:00:00
ME-004,PDTH,1,1,2018/3/1 12:00:00
ME-005,PDTG,1,1,2018/3/1 12:00:00
ME-004,PDTG,1,1,2018/3/1 12:00:00
by-man,PDIS,1,1,2018/3/1 12:00:00
by-man,PDIT,1,1,2018/3/1 12:00:00
by-man,PDIU,1,1,2018/3/1 12:00:00
SB-001,PDGA,1,1,2018/3/1 12:00:00
PL-003,PDPP,1,1,2018/3/1 12:00:00
PL-003,PDPX,1,1,2018/3/1 12:00:00
PL-023,PDQP,1,1,2018/3/1 12:00:00
PL-018,PDQP,1,1,2018/3/1 12:00:00
DBCDBC,PDMA,1,1,2018/3/1 12:00:00
DBCDBC,PDMB,1,1,2018/3/1 12:00:00
DBCDBC,PDMC,1,1,2018/3/1 12:00:00
DBCDBC,PDMD,1,1,2018/3/1 12:00:00
EX-017,PDEB,1,1,2018/3/1 12:00:00
EX-015,PDEB,1,1,2018/3/1 12:00:00
EX-012,PDEB,1,1,2018/3/1 12:00:00
EX-007,PDEB,1,1,2018/3/1 12:00:00
EX-002,PDEB,1,1,2018/3/1 12:00:00
EX-006,PDEB,1,1,2018/3/1 12:00:00
EX-004,PDEB,1,1,2018/3/1 12:00:00
EX-017,PDEA,1,1,2018/3/1 12:00:00
EX-015,PDEA,1,1,2018/3/1 12:00:00
EX-012,PDEA,1,1,2018/3/1 12:00:00
EX-007,PDEA,1,1,2018/3/1 12:00:00
EX-002,PDEA,1,1,2018/3/1 12:00:00
EX-006,PDEA,1,1,2018/3/1 12:00:00
EX-004,PDEA,1,1,2018/3/1 12:00:00
DM-004,PDDR,1,1,2018/3/1 12:00:00
ES-001,PDQ1,1,1,2018/3/1 12:00:00
LS-061,BXC6,1,1,2018/3/1 12:00:00
LS-022,BXC6,1,1,2018/3/1 12:00:00
LS-065,BXBT,1,1,2018/3/1 12:00:00
LS-063,BXBT,1,1,2018/3/1 12:00:00
LS-055,BXBT,1,1,2018/3/1 12:00:00
LS-054,BXBT,1,1,2018/3/1 12:00:00
LS-052,BXBT,1,1,2018/3/1 12:00:00
LS-051,BXBT,1,1,2018/3/1 12:00:00
LS-044,BXBT,1,1,2018/3/1 12:00:00
LS-033,BXBT,1,1,2018/3/1 12:00:00
LS-031,BXBT,1,1,2018/3/1 12:00:00
LS-026,BXBT,1,1,2018/3/1 12:00:00
LS-025,BXBT,1,1,2018/3/1 12:00:00
LS-065,BXBF,1,1,2018/3/1 12:00:00
LS-063,BXBF,1,1,2018/3/1 12:00:00
LS-055,BXBF,1,1,2018/3/1 12:00:00
LS-054,BXBF,1,1,2018/3/1 12:00:00
LS-052,BXBF,1,1,2018/3/1 12:00:00
LS-051,BXBF,1,1,2018/3/1 12:00:00
LS-044,BXBF,1,1,2018/3/1 12:00:00
LS-033,BXBF,1,1,2018/3/1 12:00:00
LS-031,BXBF,1,1,2018/3/1 12:00:00
LS-026,BXBF,1,1,2018/3/1 12:00:00
LS-025,BXBF,1,1,2018/3/1 12:00:00
LS-065,BXBN,1,1,2018/3/1 12:00:00
LS-063,BXBN,1,1,2018/3/1 12:00:00
LS-055,BXBN,1,1,2018/3/1 12:00:00
LS-054,BXBN,1,1,2018/3/1 12:00:00
LS-052,BXBN,1,1,2018/3/1 12:00:00
LS-051,BXBN,1,1,2018/3/1 12:00:00
LS-044,BXBN,1,1,2018/3/1 12:00:00
LS-033,BXBN,1,1,2018/3/1 12:00:00
LS-031,BXBN,1,1,2018/3/1 12:00:00
LS-026,BXBN,1,1,2018/3/1 12:00:00
LS-025,BXBN,1,1,2018/3/1 12:00:00
LS-065,BXBM,1,1,2018/3/1 12:00:00
LS-063,BXBM,1,1,2018/3/1 12:00:00
LS-055,BXBM,1,1,2018/3/1 12:00:00
LS-054,BXBM,1,1,2018/3/1 12:00:00
LS-052,BXBM,1,1,2018/3/1 12:00:00
LS-051,BXBM,1,1,2018/3/1 12:00:00
LS-044,BXBM,1,1,2018/3/1 12:00:00
LS-033,BXBM,1,1,2018/3/1 12:00:00
LS-031,BXBM,1,1,2018/3/1 12:00:00
LS-026,BXBM,1,1,2018/3/1 12:00:00
LS-025,BXBM,1,1,2018/3/1 12:00:00
FT-093,BTA1,1,1,2018/3/1 12:00:00
FT-086,BTA1,1,1,2018/3/1 12:00:00
FT-056,BTA1,1,1,2018/3/1 12:00:00
FT-044,BTA1,1,1,2018/3/1 12:00:00
FT-092,BTA1,1,1,2018/3/1 12:00:00
FT-091,BTA1,1,1,2018/3/1 12:00:00
FT-081,BTA1,1,1,2018/3/1 12:00:00
FT-078,BTA1,1,1,2018/3/1 12:00:00
FT-076,BTA1,1,1,2018/3/1 12:00:00
FT-089,BTA1,1,1,2018/3/1 12:00:00
FT-088,BTA1,1,1,2018/3/1 12:00:00
FT-087,BTA1,1,1,2018/3/1 12:00:00
FT-084,BTA1,1,1,2018/3/1 12:00:00
FT-083,BTA1,1,1,2018/3/1 12:00:00
FT-079,BTA1,1,1,2018/3/1 12:00:00
FT-077,BTA1,1,1,2018/3/1 12:00:00
FT-072,BTA1,1,1,2018/3/1 12:00:00
FT-066,BTA1,1,1,2018/3/1 12:00:00
FT-057,BTA1,1,1,2018/3/1 12:00:00
FT-055,BTA1,1,1,2018/3/1 12:00:00
FT-093,BTA2,1,1,2018/3/1 12:00:00
FT-086,BTA2,1,1,2018/3/1 12:00:00
FT-056,BTA2,1,1,2018/3/1 12:00:00
FT-044,BTA2,1,1,2018/3/1 12:00:00
FT-092,BTA2,1,1,2018/3/1 12:00:00
FT-091,BTA2,1,1,2018/3/1 12:00:00
FT-081,BTA2,1,1,2018/3/1 12:00:00
FT-078,BTA2,1,1,2018/3/1 12:00:00
FT-076,BTA2,1,1,2018/3/1 12:00:00
FT-089,BTA2,1,1,2018/3/1 12:00:00
FT-088,BTA2,1,1,2018/3/1 12:00:00
FT-087,BTA2,1,1,2018/3/1 12:00:00
FT-084,BTA2,1,1,2018/3/1 12:00:00
FT-083,BTA2,1,1,2018/3/1 12:00:00
FT-079,BTA2,1,1,2018/3/1 12:00:00
FT-077,BTA2,1,1,2018/3/1 12:00:00
FT-072,BTA2,1,1,2018/3/1 12:00:00
FT-066,BTA2,1,1,2018/3/1 12:00:00
FT-057,BTA2,1,1,2018/3/1 12:00:00
FT-055,BTA2,1,1,2018/3/1 12:00:00
MS-040,BXBX,1,1,2018/3/1 12:00:00
MS-039,BXBX,1,1,2018/3/1 12:00:00
MS-032,BXBX,1,1,2018/3/1 12:00:00
MS-031,BXBX,1,1,2018/3/1 12:00:00
MS-019,BXBX,1,1,2018/3/1 12:00:00
MS-017,BXBX,1,1,2018/3/1 12:00:00
MS-018,BXBX,1,1,2018/3/1 12:00:00
MS-016,BXBX,1,1,2018/3/1 12:00:00
MS-026,BXBX,1,1,2018/3/1 12:00:00
MS-020,BXBX,1,1,2018/3/1 12:00:00
MS-027,BXBX,1,1,2018/3/1 12:00:00
MS-040,BXBY,1,1,2018/3/1 12:00:00
MS-039,BXBY,1,1,2018/3/1 12:00:00
MS-032,BXBY,1,1,2018/3/1 12:00:00
MS-031,BXBY,1,1,2018/3/1 12:00:00
MS-019,BXBY,1,1,2018/3/1 12:00:00
MS-017,BXBY,1,1,2018/3/1 12:00:00
MS-018,BXBY,1,1,2018/3/1 12:00:00
MS-016,BXBY,1,1,2018/3/1 12:00:00
MS-026,BXBY,1,1,2018/3/1 12:00:00
MS-020,BXBY,1,1,2018/3/1 12:00:00
MS-027,BXBY,1,1,2018/3/1 12:00:00
CR-049,PDGC,1,1,2018/3/1 12:00:00
CR-040,PDGC,1,1,2018/3/1 12:00:00
CR-049,PDGD,1,1,2018/3/1 12:00:00
CR-040,PDGD,1,1,2018/3/1 12:00:00
MK-032,BXA8,1,1,2018/3/1 12:00:00
MK-030,BXA8,1,1,2018/3/1 12:00:00
MK-034,BXA8,1,1,2018/3/1 12:00:00
MK-023,BXA8,1,1,2018/3/1 12:00:00
MK-022,BXA8,1,1,2018/3/1 12:00:00
MK-018,BXA8,1,1,2018/3/1 12:00:00
MK-016,BXA8,1,1,2018/3/1 12:00:00
MK-011,BXA8,1,1,2018/3/1 12:00:00
MK-029,BXA8,1,1,2018/3/1 12:00:00
MK-027,BXA8,1,1,2018/3/1 12:00:00
MK-024,BXA8,1,1,2018/3/1 12:00:00
MK-014,BXA8,1,1,2018/3/1 12:00:00
MK-012,BXA8,1,1,2018/3/1 12:00:00
MK-010,BXA8,1,1,2018/3/1 12:00:00
LS-068,BXC3,1,1,2018/3/1 12:00:00
LS-067,BXC3,1,1,2018/3/1 12:00:00
LS-064,BXC3,1,1,2018/3/1 12:00:00
LS-058,BXC3,1,1,2018/3/1 12:00:00
LS-068,BXCK,1,1,2018/3/1 12:00:00
LS-067,BXCK,1,1,2018/3/1 12:00:00
LS-064,BXCK,1,1,2018/3/1 12:00:00
LS-058,BXCK,1,1,2018/3/1 12:00:00
PL-001,PDQI,1,1,2018/3/1 12:00:00
LK-013,BXBB,1,1,2018/3/1 12:00:00
LK-012,BXBB,1,1,2018/3/1 12:00:00
LK-009,BXBB,1,1,2018/3/1 12:00:00
LK-008,BXBB,1,1,2018/3/1 12:00:00
LK-007,BXBB,1,1,2018/3/1 12:00:00
LK-006,BXBB,1,1,2018/3/1 12:00:00
LK-004,BXBB,1,1,2018/3/1 12:00:00
by-man,BXAL,1,1,2018/3/1 12:00:00
by-man,BXAE,1,1,2018/3/1 12:00:00
by-man,BXC9,1,1,2018/3/1 12:00:00
by-man,BXAF,1,1,2018/3/1 12:00:00
outout,BXC1,1,1,2018/3/1 12:00:00
outout,BXC2,1,1,2018/3/1 12:00:00
AT-001,BTB2,1,1,2018/3/1 12:00:00
CC-425,C004,1,1,2018/3/1 12:00:00
NONE,C004,1,1,2018/3/1 12:00:00
TR-001,C004,1,1,2018/3/1 12:00:00
TR-002,C004,1,1,2018/3/1 12:00:00
NONE,C004-B,1,1,2018/3/1 12:00:00
NONE,C005,1,1,2018/3/1 12:00:00
LS-013,C010,1,1,2018/3/1 12:00:00
LS-019,C010,1,1,2018/3/1 12:00:00
MK-028,C010,1,1,2018/3/1 12:00:00
MK-028,C011,1,1,2018/3/1 12:00:00
LS-074,C01F,1,1,2018/3/1 12:00:00
MK-028,C01F,1,1,2018/3/1 12:00:00
MK-033,C01G,1,1,2018/3/1 12:00:00
LF-001,C020,1,1,2018/3/1 12:00:00
LF-004,C020,1,1,2018/3/1 12:00:00
OV-080,C020,1,1,2018/3/1 12:00:00
OV-081,C020,1,1,2018/3/1 12:00:00
OV-084,C020,1,1,2018/3/1 12:00:00
OV-088,C020,1,1,2018/3/1 12:00:00
OV-089,C020,1,1,2018/3/1 12:00:00
OV-094,C020,1,1,2018/3/1 12:00:00
OV-096,C020,1,1,2018/3/1 12:00:00
OV-126,C020,1,1,2018/3/1 12:00:00
OV-127,C020,1,1,2018/3/1 12:00:00
OV-128,C020,1,1,2018/3/1 12:00:00
OV-131,C020,1,1,2018/3/1 12:00:00
OV-134,C020,1,1,2018/3/1 12:00:00
OV-135,C020,1,1,2018/3/1 12:00:00
OV-136,C020,1,1,2018/3/1 12:00:00
OV-147,C020,1,1,2018/3/1 12:00:00
OV-151,C020,1,1,2018/3/1 12:00:00
OV-161,C020,1,1,2018/3/1 12:00:00
OV-162,C020,1,1,2018/3/1 12:00:00
OV-163,C020,1,1,2018/3/1 12:00:00
OV-164,C020,1,1,2018/3/1 12:00:00
OV-165,C020,1,1,2018/3/1 12:00:00
OV-169,C020,1,1,2018/3/1 12:00:00
OV-170,C020,1,1,2018/3/1 12:00:00
OV-171,C020,1,1,2018/3/1 12:00:00
OV-172,C020,1,1,2018/3/1 12:00:00
OV-173,C020,1,1,2018/3/1 12:00:00
OV-177,C020,1,1,2018/3/1 12:00:00
OV-180,C020,1,1,2018/3/1 12:00:00
OV-181,C020,1,1,2018/3/1 12:00:00
OV-189,C020,1,1,2018/3/1 12:00:00
LF-004,C021,1,1,2018/3/1 12:00:00
OV-080,C021,1,1,2018/3/1 12:00:00
OV-081,C021,1,1,2018/3/1 12:00:00
OV-082,C021,1,1,2018/3/1 12:00:00
OV-090,C021,1,1,2018/3/1 12:00:00
OV-091,C021,1,1,2018/3/1 12:00:00
OV-092,C021,1,1,2018/3/1 12:00:00
OV-093,C021,1,1,2018/3/1 12:00:00
OV-095,C021,1,1,2018/3/1 12:00:00
OV-096,C021,1,1,2018/3/1 12:00:00
OV-114,C021,1,1,2018/3/1 12:00:00
OV-115,C021,1,1,2018/3/1 12:00:00
OV-116,C021,1,1,2018/3/1 12:00:00
OV-126,C021,1,1,2018/3/1 12:00:00
OV-127,C021,1,1,2018/3/1 12:00:00
OV-128,C021,1,1,2018/3/1 12:00:00
OV-131,C021,1,1,2018/3/1 12:00:00
OV-132,C021,1,1,2018/3/1 12:00:00
OV-134,C021,1,1,2018/3/1 12:00:00
OV-135,C021,1,1,2018/3/1 12:00:00
OV-136,C021,1,1,2018/3/1 12:00:00
OV-144,C021,1,1,2018/3/1 12:00:00
OV-145,C021,1,1,2018/3/1 12:00:00
OV-151,C021,1,1,2018/3/1 12:00:00
OV-161,C021,1,1,2018/3/1 12:00:00
OV-162,C021,1,1,2018/3/1 12:00:00
OV-164,C021,1,1,2018/3/1 12:00:00
OV-165,C021,1,1,2018/3/1 12:00:00
OV-169,C021,1,1,2018/3/1 12:00:00
OV-170,C021,1,1,2018/3/1 12:00:00
OV-171,C021,1,1,2018/3/1 12:00:00
OV-172,C021,1,1,2018/3/1 12:00:00
OV-173,C021,1,1,2018/3/1 12:00:00
OV-180,C021,1,1,2018/3/1 12:00:00
OV-181,C021,1,1,2018/3/1 12:00:00
OV-082,C022,1,1,2018/3/1 12:00:00
OV-090,C022,1,1,2018/3/1 12:00:00
OV-091,C022,1,1,2018/3/1 12:00:00
OV-092,C022,1,1,2018/3/1 12:00:00
OV-093,C022,1,1,2018/3/1 12:00:00
OV-095,C022,1,1,2018/3/1 12:00:00
OV-114,C022,1,1,2018/3/1 12:00:00
OV-115,C022,1,1,2018/3/1 12:00:00
OV-116,C022,1,1,2018/3/1 12:00:00
OV-126,C022,1,1,2018/3/1 12:00:00
OV-127,C022,1,1,2018/3/1 12:00:00
OV-128,C022,1,1,2018/3/1 12:00:00
OV-131,C022,1,1,2018/3/1 12:00:00
OV-132,C022,1,1,2018/3/1 12:00:00
OV-144,C022,1,1,2018/3/1 12:00:00
OV-145,C022,1,1,2018/3/1 12:00:00
OV-147,C022,1,1,2018/3/1 12:00:00
OV-151,C022,1,1,2018/3/1 12:00:00
OV-163,C022,1,1,2018/3/1 12:00:00
OV-166,C022,1,1,2018/3/1 12:00:00
OV-167,C022,1,1,2018/3/1 12:00:00
OV-168,C022,1,1,2018/3/1 12:00:00
OV-171,C022,1,1,2018/3/1 12:00:00
OV-172,C022,1,1,2018/3/1 12:00:00
OV-173,C022,1,1,2018/3/1 12:00:00
OV-177,C022,1,1,2018/3/1 12:00:00
OV-180,C022,1,1,2018/3/1 12:00:00
OV-181,C022,1,1,2018/3/1 12:00:00
OV-082,C022-B,1,1,2018/3/1 12:00:00
OV-090,C022-B,1,1,2018/3/1 12:00:00
OV-091,C022-B,1,1,2018/3/1 12:00:00
OV-092,C022-B,1,1,2018/3/1 12:00:00
OV-093,C022-B,1,1,2018/3/1 12:00:00
OV-095,C022-B,1,1,2018/3/1 12:00:00
OV-114,C022-B,1,1,2018/3/1 12:00:00
OV-115,C022-B,1,1,2018/3/1 12:00:00
OV-116,C022-B,1,1,2018/3/1 12:00:00
OV-132,C022-B,1,1,2018/3/1 12:00:00
OV-144,C022-B,1,1,2018/3/1 12:00:00
OV-145,C022-B,1,1,2018/3/1 12:00:00
NONE,C023,1,1,2018/3/1 12:00:00
OV-080,C023,1,1,2018/3/1 12:00:00
OV-081,C023,1,1,2018/3/1 12:00:00
OV-135,C023,1,1,2018/3/1 12:00:00
OV-136,C023,1,1,2018/3/1 12:00:00
OV-161,C023,1,1,2018/3/1 12:00:00
OV-162,C023,1,1,2018/3/1 12:00:00
OV-164,C023,1,1,2018/3/1 12:00:00
OV-165,C023,1,1,2018/3/1 12:00:00
OV-170,C023,1,1,2018/3/1 12:00:00
OV-080,C024,1,1,2018/3/1 12:00:00
OV-081,C024,1,1,2018/3/1 12:00:00
OV-135,C024,1,1,2018/3/1 12:00:00
OV-136,C024,1,1,2018/3/1 12:00:00
OV-161,C024,1,1,2018/3/1 12:00:00
OV-162,C024,1,1,2018/3/1 12:00:00
OV-164,C024,1,1,2018/3/1 12:00:00
OV-165,C024,1,1,2018/3/1 12:00:00
OV-170,C024,1,1,2018/3/1 12:00:00
OV-082,C025,1,1,2018/3/1 12:00:00
OV-090,C025,1,1,2018/3/1 12:00:00
OV-091,C025,1,1,2018/3/1 12:00:00
OV-092,C025,1,1,2018/3/1 12:00:00
OV-093,C025,1,1,2018/3/1 12:00:00
OV-095,C025,1,1,2018/3/1 12:00:00
OV-114,C025,1,1,2018/3/1 12:00:00
OV-115,C025,1,1,2018/3/1 12:00:00
OV-116,C025,1,1,2018/3/1 12:00:00
OV-132,C025,1,1,2018/3/1 12:00:00
OV-144,C025,1,1,2018/3/1 12:00:00
OV-166,C025,1,1,2018/3/1 12:00:00
OV-167,C025,1,1,2018/3/1 12:00:00
OV-168,C025,1,1,2018/3/1 12:00:00
NONE,C02A-B,1,1,2018/3/1 12:00:00
NONE,C02G,1,1,2018/3/1 12:00:00
UV-003,C02G,1,1,2018/3/1 12:00:00
UV-004,C02G,1,1,2018/3/1 12:00:00
UV-009,C02G,1,1,2018/3/1 12:00:00
UV-009,C02H,1,1,2018/3/1 12:00:00
OV-080,C02R,1,1,2018/3/1 12:00:00
OV-081,C02R,1,1,2018/3/1 12:00:00
OV-082,C02R,1,1,2018/3/1 12:00:00
OV-084,C02R,1,1,2018/3/1 12:00:00
OV-088,C02R,1,1,2018/3/1 12:00:00
OV-089,C02R,1,1,2018/3/1 12:00:00
OV-090,C02R,1,1,2018/3/1 12:00:00
OV-091,C02R,1,1,2018/3/1 12:00:00
OV-092,C02R,1,1,2018/3/1 12:00:00
OV-093,C02R,1,1,2018/3/1 12:00:00
OV-095,C02R,1,1,2018/3/1 12:00:00
OV-096,C02R,1,1,2018/3/1 12:00:00
OV-107,C02R,1,1,2018/3/1 12:00:00
OV-114,C02R,1,1,2018/3/1 12:00:00
OV-115,C02R,1,1,2018/3/1 12:00:00
OV-116,C02R,1,1,2018/3/1 12:00:00
OV-126,C02R,1,1,2018/3/1 12:00:00
OV-127,C02R,1,1,2018/3/1 12:00:00
OV-128,C02R,1,1,2018/3/1 12:00:00
OV-131,C02R,1,1,2018/3/1 12:00:00
OV-132,C02R,1,1,2018/3/1 12:00:00
OV-134,C02R,1,1,2018/3/1 12:00:00
OV-135,C02R,1,1,2018/3/1 12:00:00
OV-136,C02R,1,1,2018/3/1 12:00:00
OV-144,C02R,1,1,2018/3/1 12:00:00
OV-145,C02R,1,1,2018/3/1 12:00:00
OV-147,C02R,1,1,2018/3/1 12:00:00
OV-151,C02R,1,1,2018/3/1 12:00:00
OV-161,C02R,1,1,2018/3/1 12:00:00
OV-162,C02R,1,1,2018/3/1 12:00:00
OV-163,C02R,1,1,2018/3/1 12:00:00
OV-164,C02R,1,1,2018/3/1 12:00:00
OV-165,C02R,1,1,2018/3/1 12:00:00
OV-169,C02R,1,1,2018/3/1 12:00:00
OV-170,C02R,1,1,2018/3/1 12:00:00
OV-171,C02R,1,1,2018/3/1 12:00:00
OV-172,C02R,1,1,2018/3/1 12:00:00
OV-173,C02R,1,1,2018/3/1 12:00:00
OV-180,C02R,1,1,2018/3/1 12:00:00
OV-181,C02R,1,1,2018/3/1 12:00:00
OV-189,C02R,1,1,2018/3/1 12:00:00
OV-040,C02S,1,1,2018/3/1 12:00:00
OV-068,C02S,1,1,2018/3/1 12:00:00
OV-069,C02S,1,1,2018/3/1 12:00:00
OV-070,C02S,1,1,2018/3/1 12:00:00
OV-073,C02S,1,1,2018/3/1 12:00:00
OV-075,C02S,1,1,2018/3/1 12:00:00
OV-078,C02S,1,1,2018/3/1 12:00:00
OV-103,C02S,1,1,2018/3/1 12:00:00
OV-107,C02S,1,1,2018/3/1 12:00:00
OV-126,C02S,1,1,2018/3/1 12:00:00
OV-127,C02S,1,1,2018/3/1 12:00:00
OV-128,C02S,1,1,2018/3/1 12:00:00
OV-131,C02S,1,1,2018/3/1 12:00:00
OV-147,C02S,1,1,2018/3/1 12:00:00
OV-150,C02S,1,1,2018/3/1 12:00:00
OV-151,C02S,1,1,2018/3/1 12:00:00
OV-163,C02S,1,1,2018/3/1 12:00:00
OV-171,C02S,1,1,2018/3/1 12:00:00
OV-172,C02S,1,1,2018/3/1 12:00:00
OV-173,C02S,1,1,2018/3/1 12:00:00
OV-180,C02S,1,1,2018/3/1 12:00:00
OV-181,C02S,1,1,2018/3/1 12:00:00
OV-189,C02S,1,1,2018/3/1 12:00:00
OV-126,C02T,1,1,2018/3/1 12:00:00
OV-127,C02T,1,1,2018/3/1 12:00:00
OV-128,C02T,1,1,2018/3/1 12:00:00
OV-131,C02T,1,1,2018/3/1 12:00:00
OV-147,C02T,1,1,2018/3/1 12:00:00
OV-151,C02T,1,1,2018/3/1 12:00:00
OV-163,C02T,1,1,2018/3/1 12:00:00
OV-171,C02T,1,1,2018/3/1 12:00:00
OV-172,C02T,1,1,2018/3/1 12:00:00
OV-173,C02T,1,1,2018/3/1 12:00:00
OV-180,C02T,1,1,2018/3/1 12:00:00
OV-181,C02T,1,1,2018/3/1 12:00:00
OV-189,C02T,1,1,2018/3/1 12:00:00
OV-151,C02U,1,1,2018/3/1 12:00:00
OV-171,C02U,1,1,2018/3/1 12:00:00
OV-172,C02U,1,1,2018/3/1 12:00:00
OV-173,C02U,1,1,2018/3/1 12:00:00
OV-180,C02U,1,1,2018/3/1 12:00:00
OV-181,C02U,1,1,2018/3/1 12:00:00
OV-189,C02U,1,1,2018/3/1 12:00:00
OV-040,C02V,1,1,2018/3/1 12:00:00
OV-068,C02V,1,1,2018/3/1 12:00:00
OV-069,C02V,1,1,2018/3/1 12:00:00
OV-070,C02V,1,1,2018/3/1 12:00:00
OV-073,C02V,1,1,2018/3/1 12:00:00
OV-075,C02V,1,1,2018/3/1 12:00:00
OV-078,C02V,1,1,2018/3/1 12:00:00
OV-084,C02V,1,1,2018/3/1 12:00:00
OV-088,C02V,1,1,2018/3/1 12:00:00
OV-089,C02V,1,1,2018/3/1 12:00:00
OV-103,C02V,1,1,2018/3/1 12:00:00
OV-129,C02W,1,1,2018/3/1 12:00:00
OV-130,C02W,1,1,2018/3/1 12:00:00
OV-137,C02W,1,1,2018/3/1 12:00:00
OV-138,C02W,1,1,2018/3/1 12:00:00
NONE,C030,1,1,2018/3/1 12:00:00
PT-099,C030,1,1,2018/3/1 12:00:00
PT-101,C030,1,1,2018/3/1 12:00:00
PT-102,C030,1,1,2018/3/1 12:00:00
PT-108,C030,1,1,2018/3/1 12:00:00
AM-019,C031,1,1,2018/3/1 12:00:00
AM-021,C031,1,1,2018/3/1 12:00:00
AM-022,C031,1,1,2018/3/1 12:00:00
PT-101,C031,1,1,2018/3/1 12:00:00
PT-091,C038,1,1,2018/3/1 12:00:00
PT-107,C038,1,1,2018/3/1 12:00:00
PT-115,C038,1,1,2018/3/1 12:00:00
PT-116,C038,1,1,2018/3/1 12:00:00
AM-019,C040,1,1,2018/3/1 12:00:00
AM-021,C040,1,1,2018/3/1 12:00:00
AM-022,C040,1,1,2018/3/1 12:00:00
AM-023,C040,1,1,2018/3/1 12:00:00
AM-024,C040,1,1,2018/3/1 12:00:00
AM-025,C040,1,1,2018/3/1 12:00:00
AM-026,C040,1,1,2018/3/1 12:00:00
AM-026,C041,1,1,2018/3/1 12:00:00
NONE,C048,1,1,2018/3/1 12:00:00
RF-013,C050,1,1,2018/3/1 12:00:00
RF-015,C050,1,1,2018/3/1 12:00:00
RF-021,C050,1,1,2018/3/1 12:00:00
RF-022,C050,1,1,2018/3/1 12:00:00
RF-025,C050,1,1,2018/3/1 12:00:00
RF-027,C050,1,1,2018/3/1 12:00:00
RF-015,C050-B,1,1,2018/3/1 12:00:00
RF-021,C050-B,1,1,2018/3/1 12:00:00
RF-022,C050-B,1,1,2018/3/1 12:00:00
RF-015,C051,1,1,2018/3/1 12:00:00
RF-022,C051,1,1,2018/3/1 12:00:00
RF-015,C051-B,1,1,2018/3/1 12:00:00
RF-021,C051-B,1,1,2018/3/1 12:00:00
RF-022,C051-B,1,1,2018/3/1 12:00:00
RF-015,C052-B,1,1,2018/3/1 12:00:00
RF-021,C052-B,1,1,2018/3/1 12:00:00
RF-022,C052-B,1,1,2018/3/1 12:00:00
NONE,C054,1,1,2018/3/1 12:00:00
OV-170,C05P,1,1,2018/3/1 12:00:00
CR-015,C060,1,1,2018/3/1 12:00:00
CR-025,C060,1,1,2018/3/1 12:00:00
CR-033,C060,1,1,2018/3/1 12:00:00
NONE,C060,1,1,2018/3/1 12:00:00
CR-015,C061,1,1,2018/3/1 12:00:00
CR-025,C061,1,1,2018/3/1 12:00:00
CR-026,C061,1,1,2018/3/1 12:00:00
CR-029,C061,1,1,2018/3/1 12:00:00
CR-033,C061,1,1,2018/3/1 12:00:00
CR-035,C061,1,1,2018/3/1 12:00:00
CR-043,C061,1,1,2018/3/1 12:00:00
CR-015,C061-B,1,1,2018/3/1 12:00:00
CR-015,C062-B,1,1,2018/3/1 12:00:00
DC-013,C068,1,1,2018/3/1 12:00:00
DC-017,C068,1,1,2018/3/1 12:00:00
DC-018,C068,1,1,2018/3/1 12:00:00
DC-017,C068-B,1,1,2018/3/1 12:00:00
DC-013,C069,1,1,2018/3/1 12:00:00
DC-017,C069,1,1,2018/3/1 12:00:00
DC-018,C069,1,1,2018/3/1 12:00:00
DC-017,C06A,1,1,2018/3/1 12:00:00
EO-049,C06E,1,1,2018/3/1 12:00:00
EO-082,C06E,1,1,2018/3/1 12:00:00
EO-049,C06F,1,1,2018/3/1 12:00:00
EO-082,C06F,1,1,2018/3/1 12:00:00
EO-049,C06G,1,1,2018/3/1 12:00:00
EO-082,C06G,1,1,2018/3/1 12:00:00
CR-025,C06I,1,1,2018/3/1 12:00:00
NONE,C070,1,1,2018/3/1 12:00:00
OV-170,C070,1,1,2018/3/1 12:00:00
NONE,C070-B,1,1,2018/3/1 12:00:00
NONE,C071,1,1,2018/3/1 12:00:00
NONE,C071-B,1,1,2018/3/1 12:00:00
NONE,C072,1,1,2018/3/1 12:00:00
NONE,C072-B,1,1,2018/3/1 12:00:00
NONE,C073,1,1,2018/3/1 12:00:00
NONE,C074,1,1,2018/3/1 12:00:00
XV-003,C074,1,1,2018/3/1 12:00:00
NONE,C075,1,1,2018/3/1 12:00:00
NONE,C076,1,1,2018/3/1 12:00:00
NONE,C077,1,1,2018/3/1 12:00:00
NONE,C07A-B,1,1,2018/3/1 12:00:00
NONE,C07E,1,1,2018/3/1 12:00:00
NONE,C07F,1,1,2018/3/1 12:00:00
NONE,C07K,1,1,2018/3/1 12:00:00
XV-003,C07K,1,1,2018/3/1 12:00:00
MS-035,C07X,1,1,2018/3/1 12:00:00
MS-043,C07X,1,1,2018/3/1 12:00:00
MS-044,C07X,1,1,2018/3/1 12:00:00
MS-046,C07X,1,1,2018/3/1 12:00:00
SW-010,C08G,1,1,2018/3/1 12:00:00
SW-011,C08G,1,1,2018/3/1 12:00:00
SW-012,C08G,1,1,2018/3/1 12:00:00
SW-013,C08G,1,1,2018/3/1 12:00:00
SW-015,C08G,1,1,2018/3/1 12:00:00
SW-016,C08G,1,1,2018/3/1 12:00:00
SW-019,C08G,1,1,2018/3/1 12:00:00
SW-020,C08G,1,1,2018/3/1 12:00:00
SW-026,C08G,1,1,2018/3/1 12:00:00
SW-028,C08G,1,1,2018/3/1 12:00:00
SW-029,C08G,1,1,2018/3/1 12:00:00
SW-031,C08G,1,1,2018/3/1 12:00:00
SW-032,C08G,1,1,2018/3/1 12:00:00
MM-110,C091,1,1,2018/3/1 12:00:00
CC-424,C094,1,1,2018/3/1 12:00:00
CC-425,C094,1,1,2018/3/1 12:00:00
NONE,C094,1,1,2018/3/1 12:00:00
CC-424,C094-B,1,1,2018/3/1 12:00:00
CC-437,C095,1,1,2018/3/1 12:00:00
CC-448,C095,1,1,2018/3/1 12:00:00
CC-453,C095,1,1,2018/3/1 12:00:00
CC-456,C095,1,1,2018/3/1 12:00:00
CC-458,C095,1,1,2018/3/1 12:00:00
CC-478,C095,1,1,2018/3/1 12:00:00
CC-323,C09C,1,1,2018/3/1 12:00:00
CC-358,C09C,1,1,2018/3/1 12:00:00
FT-035,C09C,1,1,2018/3/1 12:00:00
FT-072,C09C,1,1,2018/3/1 12:00:00
FT-082,C09C,1,1,2018/3/1 12:00:00
FT-094,C09C,1,1,2018/3/1 12:00:00
FT-101,C09C,1,1,2018/3/1 12:00:00
MM-110,C09C,1,1,2018/3/1 12:00:00
CC-483,C09D,1,1,2018/3/1 12:00:00
NONE,C09G,1,1,2018/3/1 12:00:00
FT-067,C09K,1,1,2018/3/1 12:00:00
NONE,C09M,1,1,2018/3/1 12:00:00
NONE,C09U,1,1,2018/3/1 12:00:00
DB-032,C0B0,1,1,2018/3/1 12:00:00
DB-035,C0B0,1,1,2018/3/1 12:00:00
DB-036,C0B0,1,1,2018/3/1 12:00:00
DB-042,C0B0,1,1,2018/3/1 12:00:00
DB-043,C0B0,1,1,2018/3/1 12:00:00
DB-046,C0B0,1,1,2018/3/1 12:00:00
DB-052,C0B0,1,1,2018/3/1 12:00:00
DB-054,C0B0,1,1,2018/3/1 12:00:00
DB-057,C0B0,1,1,2018/3/1 12:00:00
DB-063,C0B0,1,1,2018/3/1 12:00:00
DB-064,C0B0,1,1,2018/3/1 12:00:00
DB-066,C0B0,1,1,2018/3/1 12:00:00
DB-067,C0B0,1,1,2018/3/1 12:00:00
DB-068,C0B0,1,1,2018/3/1 12:00:00
DB-072,C0B0,1,1,2018/3/1 12:00:00
DB-036,C0B1,1,1,2018/3/1 12:00:00
DB-043,C0B1,1,1,2018/3/1 12:00:00
DB-057,C0B1,1,1,2018/3/1 12:00:00
DB-064,C0B1,1,1,2018/3/1 12:00:00
DB-066,C0B1,1,1,2018/3/1 12:00:00
DB-068,C0B1,1,1,2018/3/1 12:00:00
DB-072,C0B1,1,1,2018/3/1 12:00:00
DB-057,C0B2,1,1,2018/3/1 12:00:00
DB-072,C0B2,1,1,2018/3/1 12:00:00
DB-067,C0B3,1,1,2018/3/1 12:00:00
DB-072,C0B3,1,1,2018/3/1 12:00:00
DB-050,C0B9,1,1,2018/3/1 12:00:00
DB-051,C0BA,1,1,2018/3/1 12:00:00
DB-053,C0BA,1,1,2018/3/1 12:00:00
DB-055,C0BA,1,1,2018/3/1 12:00:00
DB-056,C0BA,1,1,2018/3/1 12:00:00
DB-057,C0BA,1,1,2018/3/1 12:00:00
DB-058,C0BA,1,1,2018/3/1 12:00:00
DB-059,C0BA,1,1,2018/3/1 12:00:00
DB-061,C0BA,1,1,2018/3/1 12:00:00
DB-069,C0BA,1,1,2018/3/1 12:00:00
DB-070,C0BA,1,1,2018/3/1 12:00:00
DB-071,C0BA,1,1,2018/3/1 12:00:00
DB-050,C0BC,1,1,2018/3/1 12:00:00
WB-065,C0C0,1,1,2018/3/1 12:00:00
WB-066,C0C0,1,1,2018/3/1 12:00:00
WB-073,C0C0,1,1,2018/3/1 12:00:00
WB-074,C0C0,1,1,2018/3/1 12:00:00
WB-076,C0C0,1,1,2018/3/1 12:00:00
WB-077,C0C0,1,1,2018/3/1 12:00:00
WB-080,C0C0,1,1,2018/3/1 12:00:00
WB-082,C0C0,1,1,2018/3/1 12:00:00
WB-088,C0C0,1,1,2018/3/1 12:00:00
WB-089,C0C0,1,1,2018/3/1 12:00:00
WB-090,C0C0,1,1,2018/3/1 12:00:00
WB-095,C0C0,1,1,2018/3/1 12:00:00
WB-096,C0C0,1,1,2018/3/1 12:00:00
WB-102,C0C0,1,1,2018/3/1 12:00:00
WB-105,C0C0,1,1,2018/3/1 12:00:00
WB-108,C0C0,1,1,2018/3/1 12:00:00
WB-110,C0C0,1,1,2018/3/1 12:00:00
WB-111,C0C0,1,1,2018/3/1 12:00:00
WB-115,C0C0,1,1,2018/3/1 12:00:00
WB-115,C0C1,1,1,2018/3/1 12:00:00
WB-097,C0CC,1,1,2018/3/1 12:00:00
WB-100,C0CC,1,1,2018/3/1 12:00:00
DB-057,C0D6,1,1,2018/3/1 12:00:00
DP-065,C0D6,1,1,2018/3/1 12:00:00
DP-069,C0D6,1,1,2018/3/1 12:00:00
DP-070,C0D6,1,1,2018/3/1 12:00:00
DP-071,C0D6,1,1,2018/3/1 12:00:00
DP-076,C0D6,1,1,2018/3/1 12:00:00
NONE,C0D6,1,1,2018/3/1 12:00:00
DB-057,C0D7,1,1,2018/3/1 12:00:00
DP-065,C0D7,1,1,2018/3/1 12:00:00
DP-069,C0D7,1,1,2018/3/1 12:00:00
DP-047,C0DG,1,1,2018/3/1 12:00:00
DP-048,C0DG,1,1,2018/3/1 12:00:00
DP-065,C0DG,1,1,2018/3/1 12:00:00
DP-077,C0DG,1,1,2018/3/1 12:00:00
DB-067,C0DP,1,1,2018/3/1 12:00:00
DP-047,C0DP,1,1,2018/3/1 12:00:00
DP-048,C0DP,1,1,2018/3/1 12:00:00
DP-057,C0DP,1,1,2018/3/1 12:00:00
DP-059,C0DP,1,1,2018/3/1 12:00:00
DP-065,C0DP,1,1,2018/3/1 12:00:00
DP-069,C0DP,1,1,2018/3/1 12:00:00
DP-077,C0DP,1,1,2018/3/1 12:00:00
LK-008,C0EK,1,1,2018/3/1 12:00:00
NONE,C0F0,1,1,2018/3/1 12:00:00
NONE,C0F0-B,1,1,2018/3/1 12:00:00
NONE,C0F1,1,1,2018/3/1 12:00:00
NONE,C0F2,1,1,2018/3/1 12:00:00
NONE,C0FA,1,1,2018/3/1 12:00:00
NONE,C0FB,1,1,2018/3/1 12:00:00
NONE,C0G7,1,1,2018/3/1 12:00:00
NONE,C0GA,1,1,2018/3/1 12:00:00
NONE,C0GD,1,1,2018/3/1 12:00:00
HM-001,C0GE,1,1,2018/3/1 12:00:00
LB-002,C0GS,1,1,2018/3/1 12:00:00
LB-003,C0GS,1,1,2018/3/1 12:00:00
NONE,C0GS,1,1,2018/3/1 12:00:00
NONE,C0GT,1,1,2018/3/1 12:00:00
DB-046,C0GW,1,1,2018/3/1 12:00:00
DB-052,C0GW,1,1,2018/3/1 12:00:00
DB-064,C0GW,1,1,2018/3/1 12:00:00
DB-066,C0GW,1,1,2018/3/1 12:00:00
DB-068,C0GW,1,1,2018/3/1 12:00:00
DB-064,C0GX,1,1,2018/3/1 12:00:00
DB-066,C0GX,1,1,2018/3/1 12:00:00
DB-067,C0GX,1,1,2018/3/1 12:00:00
DB-068,C0GX,1,1,2018/3/1 12:00:00
NONE,C0H0,1,1,2018/3/1 12:00:00
NONE,C0HU,1,1,2018/3/1 12:00:00
NONE,C0HU-B,1,1,2018/3/1 12:00:00
NONE,C0I9,1,1,2018/3/1 12:00:00
WB-065,C0IT,1,1,2018/3/1 12:00:00
WB-066,C0IT,1,1,2018/3/1 12:00:00
WB-073,C0IT,1,1,2018/3/1 12:00:00
WB-074,C0IT,1,1,2018/3/1 12:00:00
WB-076,C0IT,1,1,2018/3/1 12:00:00
WB-077,C0IT,1,1,2018/3/1 12:00:00
WB-080,C0IT,1,1,2018/3/1 12:00:00
WB-108,C0IT,1,1,2018/3/1 12:00:00
OV-040,C0JG,1,1,2018/3/1 12:00:00
OV-068,C0JG,1,1,2018/3/1 12:00:00
OV-069,C0JG,1,1,2018/3/1 12:00:00
OV-070,C0JG,1,1,2018/3/1 12:00:00
OV-073,C0JG,1,1,2018/3/1 12:00:00
OV-074,C0JG,1,1,2018/3/1 12:00:00
OV-075,C0JG,1,1,2018/3/1 12:00:00
OV-078,C0JG,1,1,2018/3/1 12:00:00
OV-103,C0JG,1,1,2018/3/1 12:00:00
UV-009,C0JK,1,1,2018/3/1 12:00:00
UV-011,C0JK,1,1,2018/3/1 12:00:00
OV-081,C0JL,1,1,2018/3/1 12:00:00
OV-132,C0JL,1,1,2018/3/1 12:00:00
OV-144,C0JL,1,1,2018/3/1 12:00:00
OV-145,C0JL,1,1,2018/3/1 12:00:00
OV-081,C0JM,1,1,2018/3/1 12:00:00
OV-132,C0JM,1,1,2018/3/1 12:00:00
OV-144,C0JM,1,1,2018/3/1 12:00:00
OV-145,C0JM,1,1,2018/3/1 12:00:00
UV-009,C0JR,1,1,2018/3/1 12:00:00
UV-011,C0JR,1,1,2018/3/1 12:00:00
UV-009,C0JS,1,1,2018/3/1 12:00:00
UV-011,C0JS,1,1,2018/3/1 12:00:00
NONE,C0K8,1,1,2018/3/1 12:00:00
DB-043,C0KC,1,1,2018/3/1 12:00:00
DB-067,C0KC,1,1,2018/3/1 12:00:00
DB-063,C0KQ,1,1,2018/3/1 12:00:00
DB-067,C0KQ,1,1,2018/3/1 12:00:00
CC-435,C0M0,1,1,2018/3/1 12:00:00
CC-436,C0M0,1,1,2018/3/1 12:00:00
CC-438,C0M0,1,1,2018/3/1 12:00:00
CC-439,C0M0,1,1,2018/3/1 12:00:00
CC-457,C0M2,1,1,2018/3/1 12:00:00
FT-096,C0M6,1,1,2018/3/1 12:00:00
NONE,C0MB,1,1,2018/3/1 12:00:00
MS-045,CW06,1,1,2018/3/1 12:00:00
