作業方法,製程,製程名稱,lastUpdatedDate,順序
PDGF,PDGF,PDGF,2018/3/1 12:00:00,1
PDCA,PDCA,PDCA,2018/3/1 12:00:00,2
PDSA,PDSA,PDSA,2018/3/1 12:00:00,4
PDPS,PDPS,PDPS,2018/3/1 12:00:00,5
PDBA,PDBA,PDBA,2018/3/1 12:00:00,6
PDEE,PDEE,PDEE,2018/3/1 12:00:00,7
PDDC,PDDC,PDDC,2018/3/1 12:00:00,8
PDPA,PDPA,PDPA,2018/3/1 12:00:00,9
PDTH,PDTH,PDTH,2018/3/1 12:00:00,10
PDIS,PDIS,PDIS,2018/3/1 12:00:00,11
PDMA,PDMA,PDMA,2018/3/1 12:00:00,12
PDIA,PDIA,PDIA,2018/3/1 12:00:00,14
PDEA,PDEA,PDEA,2018/3/1 12:00:00,15
PDDT,PDDT,PDDT,2018/3/1 12:00:00,16
PDAL,PDAL,PDAL,2018/3/1 12:00:00,18
PDMC,PDMC,PDMC,2018/3/1 12:00:00,19
PDEB,PDEB,PDEB,2018/3/1 12:00:00,21
PDDU,PDDU,PDDU,2018/3/1 12:00:00,22
PDGA,PDGA,PDGA,2018/3/1 12:00:00,24
PDQ1,PDQ1,PDQ1,2018/3/1 12:00:00,25
PDIT,PDIT,PDIT,2018/3/1 12:00:00,26
BXBF,BXBF,BXBF,2018/3/1 12:00:00,27
BXBB,BXBB,BXBB,2018/3/1 12:00:00,28
BTB2,BTB2,BTB2,2018/3/1 12:00:00,29
BTA1,BTA1,BTA1,2018/3/1 12:00:00,30
BXAL,BXAL,BXAL,2018/3/1 12:00:00,31
BXC9,BXC9,BXC9,2018/3/1 12:00:00,32
BXBX,BXBX,BXBX,2018/3/1 12:00:00,33
BXBY,BXBY,BXBY,2018/3/1 12:00:00,34
BXC1,BXC1,BXC1,2018/3/1 12:00:00,35
BXC2,BXC2,BXC2,2018/3/1 12:00:00,36
BXAE-A,BXAE-A,BXAE-A,2018/3/1 12:00:00,37
BXBW-A,BXBW-A,BXBW-A,2018/3/1 12:00:00,38
BXC3,BXC3,BXC3,2018/3/1 12:00:00,39
BQAG,BQAG,BQAG,2018/3/1 12:00:00,40
PDRF,PDRF,PDRF,2018/3/1 12:00:00,5
PDAB,PDAB,PDAB,2018/3/1 12:00:00,12
PDMC,PDMC,PDMC,2018/3/1 12:00:00,13
PDMA,PDMA,PDMA,2018/3/1 12:00:00,18
PDIA,PDIA,PDIA,2018/3/1 12:00:00,20
PDH3,PDH3,PDH3,2018/3/1 12:00:00,21
PDDR,PDDR,PDDR,2018/3/1 12:00:00,22
PDEZ,PDEZ,PDEZ,2018/3/1 12:00:00,23
PDGA,PDGA,PDGA,2018/3/1 12:00:00,25
PDQ1,PDQ1,PDQ1,2018/3/1 12:00:00,26
PDIT,PDIT,PDIT,2018/3/1 12:00:00,27
BXAL,BXAL,BXAL,2018/3/1 12:00:00,28
BXBF,BXBF,BXBF,2018/3/1 12:00:00,29
BXBB,BXBB,BXBB,2018/3/1 12:00:00,30
BTB2,BTB2,BTB2,2018/3/1 12:00:00,31
BTB4,BTB4,BTB4,2018/3/1 12:00:00,32
BTA1,BTA1,BTA1,2018/3/1 12:00:00,33
BXC9,BXC9,BXC9,2018/3/1 12:00:00,34
BXBX,BXBX,BXBX,2018/3/1 12:00:00,35
BXBY,BXBY,BXBY,2018/3/1 12:00:00,36
BXC1,BXC1,BXC1,2018/3/1 12:00:00,37
BXC2,BXC2,BXC2,2018/3/1 12:00:00,38
BXAE-A,BXAE-A,BXAE-A,2018/3/1 12:00:00,39
BXBW-A,BXBW-A,BXBW-A,2018/3/1 12:00:00,40
BXC3,BXC3,BXC3,2018/3/1 12:00:00,41
BQAG,BQAG,BQAG,2018/3/1 12:00:00,42
PDCA,PDCA,PDCA,2018/3/1 12:00:00,1
PDSA,PDSA,PDSA,2018/3/1 12:00:00,3
PDRF,PDRF,PDRF,2018/3/1 12:00:00,4
PDBA,PDBA,PDBA,2018/3/1 12:00:00,5
PDEE,PDEE,PDEE,2018/3/1 12:00:00,6
PDDC,PDDC,PDDC,2018/3/1 12:00:00,7
PDPA,PDPA,PDPA,2018/3/1 12:00:00,8
PDAL,PDAL,PDAL,2018/3/1 12:00:00,9
PDT3,PDT3,PDT3,2018/3/1 12:00:00,10
PDQK,PDQK,PDQK,2018/3/1 12:00:00,11
PDGA,PDGA,PDGA,2018/3/1 12:00:00,12
PDTH,PDTH,PDTH,2018/3/1 12:00:00,13
PDIT,PDIT,PDIT,2018/3/1 12:00:00,14
BXBM,BXBM,BXBM,2018/3/1 12:00:00,15
BXBB,BXBB,BXBB,2018/3/1 12:00:00,16
BTB2,BTB2,BTB2,2018/3/1 12:00:00,17
BTA1,BTA1,BTA1,2018/3/1 12:00:00,18
BTB9,BTB9,BTB9,2018/3/1 12:00:00,19
BXC9,BXC9,BXC9,2018/3/1 12:00:00,20
C08G,C08G,C08G,2018/3/1 12:00:00,21
BXAF,BXAF,BXAF,2018/3/1 12:00:00,22
BXBX,BXBX,BXBX,2018/3/1 12:00:00,23
BXBY,BXBY,BXBY,2018/3/1 12:00:00,24
BXC1,BXC1,BXC1,2018/3/1 12:00:00,25
BXC2,BXC2,BXC2,2018/3/1 12:00:00,26
BXC3,BXC3,BXC3,2018/3/1 12:00:00,27
BQA1,BQA1,BQA1,2018/3/1 12:00:00,28
PDHB,PDHB,PDHB,2018/3/1 12:00:00,29
BQAG,BQAG,BQAG,2018/3/1 12:00:00,30
PDPS,PDPS,PDPS,2018/3/1 12:00:00,4
PDPJ,PDPJ,PDPJ,2018/3/1 12:00:00,10
PDTH,PDTH,PDTH,2018/3/1 12:00:00,11
PDIS,PDIS,PDIS,2018/3/1 12:00:00,12
BXBV,BXBV,BXBV,2018/3/1 12:00:00,13
BXBF,BXBF,BXBF,2018/3/1 12:00:00,14
PDGC,PDGC,PDGC,2018/3/1 12:00:00,15
BTA1,BTA1,BTA1,2018/3/1 12:00:00,16
BXAF,BXAF,BXAF,2018/3/1 12:00:00,17
C08G,C08G,C08G,2018/3/1 12:00:00,18
CB00,CB00,CB00,2018/3/1 12:00:00,19
C0KG,C0KG,C0KG,2018/3/1 12:00:00,20
BXAE,BXAE,BXAE,2018/3/1 12:00:00,21
BQAG,BQAG,BQAG,2018/3/1 12:00:00,22
PDTG,PDTG,PDTG,2018/3/1 12:00:00,9
PDIS,PDIS,PDIS,2018/3/1 12:00:00,10
PDCB,PDCB,PDCB,2018/3/1 12:00:00,11
PDSB,PDSB,PDSB,2018/3/1 12:00:00,13
PDQW,PDQW,PDQW,2018/3/1 12:00:00,14
PDBB,PDBB,PDBB,2018/3/1 12:00:00,15
PDEG,PDEG,PDEG,2018/3/1 12:00:00,16
PDDD,PDDD,PDDD,2018/3/1 12:00:00,17
PDPG,PDPG,PDPG,2018/3/1 12:00:00,18
PDAQ,PDAQ,PDAQ,2018/3/1 12:00:00,19
PDTH,PDTH,PDTH,2018/3/1 12:00:00,20
PDIT,PDIT,PDIT,2018/3/1 12:00:00,21
PDGA,PDGA,PDGA,2018/3/1 12:00:00,22
PDPJ,PDPJ,PDPJ,2018/3/1 12:00:00,23
PDIU,PDIU,PDIU,2018/3/1 12:00:00,24
BTB2,BTB2,BTB2,2018/3/1 12:00:00,26
PDGC,PDGC,PDGC,2018/3/1 12:00:00,27
BXAF,BXAF,BXAF,2018/3/1 12:00:00,28
C08G,C08G,C08G,2018/3/1 12:00:00,29
BXAE,BXAE,BXAE,2018/3/1 12:00:00,30
BQAG,BQAG,BQAG,2018/3/1 12:00:00,31
PDMA,PDMA,PDMA,2018/3/1 12:00:00,15
PDEA,PDEA,PDEA,2018/3/1 12:00:00,17
PDDT,PDDT,PDDT,2018/3/1 12:00:00,18
PDMB,PDMB,PDMB,2018/3/1 12:00:00,20
PDMD,PDMD,PDMD,2018/3/1 12:00:00,22
PDEB,PDEB,PDEB,2018/3/1 12:00:00,24
PDDU,PDDU,PDDU,2018/3/1 12:00:00,25
PDGA,PDGA,PDGA,2018/3/1 12:00:00,27
PDPP,PDPP,PDPP,2018/3/1 12:00:00,28
PDIT,PDIT,PDIT,2018/3/1 12:00:00,29
BXBN,BXBN,BXBN,2018/3/1 12:00:00,30
BTA1,BTA1,BTA1,2018/3/1 12:00:00,32
BXC6,BXC6,BXC6,2018/3/1 12:00:00,33
BXAL,BXAL,BXAL,2018/3/1 12:00:00,34
BXBH-A,BXBH-A,BXBH-A,2018/3/1 12:00:00,35
BXBX,BXBX,BXBX,2018/3/1 12:00:00,36
BXBY,BXBY,BXBY,2018/3/1 12:00:00,37
BXC1,BXC1,BXC1,2018/3/1 12:00:00,38
BXC2,BXC2,BXC2,2018/3/1 12:00:00,39
BXA8,BXA8,BXA8,2018/3/1 12:00:00,40
BXAE,BXAE,BXAE,2018/3/1 12:00:00,41
PDBB,PDBB,PDBB,2018/3/1 12:00:00,10
PDEG,PDEG,PDEG,2018/3/1 12:00:00,11
PDDD,PDDD,PDDD,2018/3/1 12:00:00,12
PDAL,PDAL,PDAL,2018/3/1 12:00:00,13
PDPW,PDPW,PDPW,2018/3/1 12:00:00,14
PDTH,PDTH,PDTH,2018/3/1 12:00:00,15
PDIS,PDIS,PDIS,2018/3/1 12:00:00,16
PDMN,PDMN,PDMN,2018/3/1 12:00:00,17
PDH2,PDH2,PDH2,2018/3/1 12:00:00,18
PDQP,PDQP,PDQP,2018/3/1 12:00:00,19
BXC4,BXC4,BXC4,2018/3/1 12:00:00,20
PDGC,PDGC,PDGC,2018/3/1 12:00:00,21
PDIT,PDIT,PDIT,2018/3/1 12:00:00,23
PDQZ,PDQZ,PDQZ,2018/3/1 12:00:00,24
BXBB,BXBB,BXBB,2018/3/1 12:00:00,25
BXBN,BXBN,BXBN,2018/3/1 12:00:00,26
BXBM,BXBM,BXBM,2018/3/1 12:00:00,27
PDAN,PDAN,PDAN,2018/3/1 12:00:00,28
PDH1,PDH1,PDH1,2018/3/1 12:00:00,29
BXBH,BXBH,BXBH,2018/3/1 12:00:00,32
BXAE,BXAE,BXAE,2018/3/1 12:00:00,33
BXBX,BXBX,BXBX,2018/3/1 12:00:00,34
BXBY,BXBY,BXBY,2018/3/1 12:00:00,35
BXC1,BXC1,BXC1,2018/3/1 12:00:00,36
BXC2,BXC2,BXC2,2018/3/1 12:00:00,37
BXA8,BXA8,BXA8,2018/3/1 12:00:00,38
BXCB-A,BXCB-A,BXCB-A,2018/3/1 12:00:00,39
BQAG,BQAG,BQAG,2018/3/1 12:00:00,41
PDPW,PDPW,PDPW,2018/3/1 12:00:00,10
BXBB,BXBB,BXBB,2018/3/1 12:00:00,13
PDRG,PDRG,PDRG,2018/3/1 12:00:00,14
BXBN,BXBN,BXBN,2018/3/1 12:00:00,15
BXBM,BXBM,BXBM,2018/3/1 12:00:00,16
PDAN,PDAN,PDAN,2018/3/1 12:00:00,17
PDH1,PDH1,PDH1,2018/3/1 12:00:00,18
BTA1,BTA1,BTA1,2018/3/1 12:00:00,19
BXAL,BXAL,BXAL,2018/3/1 12:00:00,20
BXBH,BXBH,BXBH,2018/3/1 12:00:00,21
PDGC,PDGC,PDGC,2018/3/1 12:00:00,22
PDGL,PDGL,PDGL,2018/3/1 12:00:00,23
BXC9,BXC9,BXC9,2018/3/1 12:00:00,24
BXAE-A,BXAE-A,BXAE-A,2018/3/1 12:00:00,25
BQA1,BQA1,BQA1,2018/3/1 12:00:00,26
BXBX,BXBX,BXBX,2018/3/1 12:00:00,27
BXBY,BXBY,BXBY,2018/3/1 12:00:00,28
BXC1,BXC1,BXC1,2018/3/1 12:00:00,29
BXC2,BXC2,BXC2,2018/3/1 12:00:00,30
BXA8,BXA8,BXA8,2018/3/1 12:00:00,31
PDHD,PDHD,PDHD,2018/3/1 12:00:00,32
BXCC,BXCC,BXCC,2018/3/1 12:00:00,33
PDHF,PDHF,PDHF,2018/3/1 12:00:00,34
BXCD,BXCD,BXCD,2018/3/1 12:00:00,35
BQAG,BQAG,BQAG,2018/3/1 12:00:00,36
PDRC,PDRC,PDRC,2018/3/1 12:00:00,9
PDAL,PDAL,PDAL,2018/3/1 12:00:00,10
PDGA,PDGA,PDGA,2018/3/1 12:00:00,13
PDQP,PDQP,PDQP,2018/3/1 12:00:00,14
PDIT,PDIT,PDIT,2018/3/1 12:00:00,15
PDQZ,PDQZ,PDQZ,2018/3/1 12:00:00,16
BQA1-A,BQA1-A,BQA1-A,2018/3/1 12:00:00,17
BXBB,BXBB,BXBB,2018/3/1 12:00:00,18
BXBN,BXBN,BXBN,2018/3/1 12:00:00,19
BXBM,BXBM,BXBM,2018/3/1 12:00:00,20
PDAN,PDAN,PDAN,2018/3/1 12:00:00,21
BTB2,BTB2,BTB2,2018/3/1 12:00:00,23
BTA1,BTA1,BTA1,2018/3/1 12:00:00,24
BXAL,BXAL,BXAL,2018/3/1 12:00:00,25
BXBH,BXBH,BXBH,2018/3/1 12:00:00,26
BXAE,BXAE,BXAE,2018/3/1 12:00:00,27
BXBX,BXBX,BXBX,2018/3/1 12:00:00,28
BXBY,BXBY,BXBY,2018/3/1 12:00:00,29
BXC1,BXC1,BXC1,2018/3/1 12:00:00,30
BXC2,BXC2,BXC2,2018/3/1 12:00:00,31
BXC3,BXC3,BXC3,2018/3/1 12:00:00,32
PDGD,PDGD,PDGD,2018/3/1 12:00:00,33
BXCB-A,BXCB-A,BXCB-A,2018/3/1 12:00:00,34
BXBW-A,BXBW-A,BXBW-A,2018/3/1 12:00:00,35
BQA2,BQA2,BQA2,2018/3/1 12:00:00,36
PDHD,PDHD,PDHD,2018/3/1 12:00:00,37
BXCC,BXCC,BXCC,2018/3/1 12:00:00,38
PDHF,PDHF,PDHF,2018/3/1 12:00:00,39
BXCD,BXCD,BXCD,2018/3/1 12:00:00,40
PDSA,PDSA,PDSA,2018/3/1 12:00:00,2
PDRF,PDRF,PDRF,2018/3/1 12:00:00,3
PDBA,PDBA,PDBA,2018/3/1 12:00:00,4
PDEE,PDEE,PDEE,2018/3/1 12:00:00,5
PDDC,PDDC,PDDC,2018/3/1 12:00:00,6
PDRC,PDRC,PDRC,2018/3/1 12:00:00,7
PDAB,PDAB,PDAB,2018/3/1 12:00:00,8
PDTG,PDTG,PDTG,2018/3/1 12:00:00,10
PDHK,PDHK,PDHK,2018/3/1 12:00:00,12
BTA1,BTA1,BTA1,2018/3/1 12:00:00,14
BTB9,BTB9,BTB9,2018/3/1 12:00:00,15
PDMC,PDMC,PDMC,2018/3/1 12:00:00,17
PDEA,PDEA,PDEA,2018/3/1 12:00:00,19
PDDT,PDDT,PDDT,2018/3/1 12:00:00,20
PDMA,PDMA,PDMA,2018/3/1 12:00:00,23
PDEB,PDEB,PDEB,2018/3/1 12:00:00,25
PDDU,PDDU,PDDU,2018/3/1 12:00:00,26
PDQP,PDQP,PDQP,2018/3/1 12:00:00,28
BXBM,BXBM,BXBM,2018/3/1 12:00:00,30
PDH1,PDH1,PDH1,2018/3/1 12:00:00,31
BTB2,BTB2,BTB2,2018/3/1 12:00:00,32
BTA2,BTA2,BTA2,2018/3/1 12:00:00,33
BTBA,BTBA,BTBA,2018/3/1 12:00:00,34
BXC6,BXC6,BXC6,2018/3/1 12:00:00,35
BXAL,BXAL,BXAL,2018/3/1 12:00:00,36
BXBH-A,BXBH-A,BXBH-A,2018/3/1 12:00:00,37
BXAE,BXAE,BXAE,2018/3/1 12:00:00,38
BXBW,BXBW,BXBW,2018/3/1 12:00:00,39
BXC3,BXC3,BXC3,2018/3/1 12:00:00,40
PDK3,PDK3,PDK3,2018/3/1 12:00:00,41
PDPG,PDPG,PDPG,2018/3/1 12:00:00,14
PDAB,PDAB,PDAB,2018/3/1 12:00:00,15
PDTG,PDTG,PDTG,2018/3/1 12:00:00,16
PDH2,PDH2,PDH2,2018/3/1 12:00:00,17
PDIS,PDIS,PDIS,2018/3/1 12:00:00,18
PDMA,PDMA,PDMA,2018/3/1 12:00:00,20
PDMB,PDMB,PDMB,2018/3/1 12:00:00,21
PDEA,PDEA,PDEA,2018/3/1 12:00:00,23
PDDT,PDDT,PDDT,2018/3/1 12:00:00,24
PDGA,PDGA,PDGA,2018/3/1 12:00:00,26
PDPX,PDPX,PDPX,2018/3/1 12:00:00,27
PDIT,PDIT,PDIT,2018/3/1 12:00:00,28
BTA1,BTA1,BTA1,2018/3/1 12:00:00,29
BGI2,BGI2,BGI2,2018/3/1 12:00:00,30
BGLA,BGLA,BGLA,2018/3/1 12:00:00,31
BGJ5,BGJ5,BGJ5,2018/3/1 12:00:00,32
BGK1,BGK1,BGK1,2018/3/1 12:00:00,33
BXAE,BXAE,BXAE,2018/3/1 12:00:00,34
BQAG,BQAG,BQAG,2018/3/1 12:00:00,35
PDPS,PDPS,PDPS,2018/3/1 12:00:00,3
PDPA,PDPA,PDPA,2018/3/1 12:00:00,7
PDAL,PDAL,PDAL,2018/3/1 12:00:00,8
PDQI,PDQI,PDQI,2018/3/1 12:00:00,9
PDQZ,PDQZ,PDQZ,2018/3/1 12:00:00,12
BXBM,BXBM,BXBM,2018/3/1 12:00:00,14
PDAN,PDAN,PDAN,2018/3/1 12:00:00,15
PDH1,PDH1,PDH1,2018/3/1 12:00:00,16
PDGC,PDGC,PDGC,2018/3/1 12:00:00,17
BXAL,BXAL,BXAL,2018/3/1 12:00:00,19
BXBH,BXBH,BXBH,2018/3/1 12:00:00,20
BXB9,BXB9,BXB9,2018/3/1 12:00:00,21
C068,C068,C068,2018/3/1 12:00:00,22
C0C0-A,C0C0-A,C0C0-A,2018/3/1 12:00:00,23
C0EI,C0EI,C0EI,2018/3/1 12:00:00,24
BXAE,BXAE,BXAE,2018/3/1 12:00:00,25
BXBX,BXBX,BXBX,2018/3/1 12:00:00,26
BXBY,BXBY,BXBY,2018/3/1 12:00:00,27
BXC1,BXC1,BXC1,2018/3/1 12:00:00,28
BXC2,BXC2,BXC2,2018/3/1 12:00:00,29
BXA8,BXA8,BXA8,2018/3/1 12:00:00,30
BQA1,BQA1,BQA1,2018/3/1 12:00:00,31
PDK3,PDK3,PDK3,2018/3/1 12:00:00,32
BQAG,BQAG,BQAG,2018/3/1 12:00:00,33
PDQP,PDQP,PDQP,2018/3/1 12:00:00,12
PDIT,PDIT,PDIT,2018/3/1 12:00:00,13
PDQZ,PDQZ,PDQZ,2018/3/1 12:00:00,14
BXBB,BXBB,BXBB,2018/3/1 12:00:00,15
BXBN,BXBN,BXBN,2018/3/1 12:00:00,17
PDAN,PDAN,PDAN,2018/3/1 12:00:00,18
PDH1,PDH1,PDH1,2018/3/1 12:00:00,19
BTA1,BTA1,BTA1,2018/3/1 12:00:00,21
BXAL,BXAL,BXAL,2018/3/1 12:00:00,22
BXB9,BXB9,BXB9,2018/3/1 12:00:00,23
BXBH,BXBH,BXBH,2018/3/1 12:00:00,24
C068,C068,C068,2018/3/1 12:00:00,25
C0C0-A,C0C0-A,C0C0-A,2018/3/1 12:00:00,26
C0EI,C0EI,C0EI,2018/3/1 12:00:00,27
BXBV-A,BXBV-A,BXBV-A,2018/3/1 12:00:00,28
BXAE,BXAE,BXAE,2018/3/1 12:00:00,29
BXBX,BXBX,BXBX,2018/3/1 12:00:00,30
BXBY,BXBY,BXBY,2018/3/1 12:00:00,31
BXC1,BXC1,BXC1,2018/3/1 12:00:00,32
BXC2,BXC2,BXC2,2018/3/1 12:00:00,33
BXA8,BXA8,BXA8,2018/3/1 12:00:00,34
BXBF,BXBF,BXBF,2018/3/1 12:00:00,16
BXBH,BXBH,BXBH,2018/3/1 12:00:00,23
BXB9,BXB9,BXB9,2018/3/1 12:00:00,24
BXAE,BXAE,BXAE,2018/3/1 12:00:00,28
BXBX,BXBX,BXBX,2018/3/1 12:00:00,29
BXBY,BXBY,BXBY,2018/3/1 12:00:00,30
BXC1,BXC1,BXC1,2018/3/1 12:00:00,31
BXC2,BXC2,BXC2,2018/3/1 12:00:00,32
BXA8,BXA8,BXA8,2018/3/1 12:00:00,33
BQAG,BQAG,BQAG,2018/3/1 12:00:00,34
PDQI,PDQI,PDQI,2018/3/1 12:00:00,10
PDQZ,PDQZ,PDQZ,2018/3/1 12:00:00,13
BXBB-A,BXBB-A,BXBB-A,2018/3/1 12:00:00,14
PDAN,PDAN,PDAN,2018/3/1 12:00:00,16
PDH1,PDH1,PDH1,2018/3/1 12:00:00,17
C08G,C08G,C08G,2018/3/1 12:00:00,19
BXB9,BXB9,BXB9,2018/3/1 12:00:00,20
C0C0-A,C0C0-A,C0C0-A,2018/3/1 12:00:00,22
C0EI,C0EI,C0EI,2018/3/1 12:00:00,23
BXBV-A,BXBV-A,BXBV-A,2018/3/1 12:00:00,24
BXCK,BXCK,BXCK,2018/3/1 12:00:00,30
PDGC,PDGC,PDGC,2018/3/1 12:00:00,31
BQA1,BQA1,BQA1,2018/3/1 12:00:00,32
PDHD,PDHD,PDHD,2018/3/1 12:00:00,33
BXCC,BXCC,BXCC,2018/3/1 12:00:00,34
PDHF,PDHF,PDHF,2018/3/1 12:00:00,35
BXCD,BXCD,BXCD,2018/3/1 12:00:00,36
PDK3,PDK3,PDK3,2018/3/1 12:00:00,37
BQAG,BQAG,BQAG,2018/3/1 12:00:00,38
BXBB-A,BXBB-A,BXBB-A,2018/3/1 12:00:00,15
BTA1,BTA1,BTA1,2018/3/1 12:00:00,20
BXAL,BXAL,BXAL,2018/3/1 12:00:00,21
BXB9,BXB9,BXB9,2018/3/1 12:00:00,22
C068,C068,C068,2018/3/1 12:00:00,24
C0C0-A,C0C0-A,C0C0-A,2018/3/1 12:00:00,25
C0EI,C0EI,C0EI,2018/3/1 12:00:00,26
BXBV-A,BXBV-A,BXBV-A,2018/3/1 12:00:00,27
PDMA,PDMA,PDMA,2018/3/1 12:00:00,13
PDGA,PDGA,PDGA,2018/3/1 12:00:00,18
PDPX,PDPX,PDPX,2018/3/1 12:00:00,19
PDIT,PDIT,PDIT,2018/3/1 12:00:00,20
C0BA,C0BA,C0BA,2018/3/1 12:00:00,1
C050,C050,C050,2018/3/1 12:00:00,2
C060,C060,C060,2018/3/1 12:00:00,3
C071,C071,C071,2018/3/1 12:00:00,4
C068,C068,C068,2018/3/1 12:00:00,5
C0IT,C0IT,C0IT,2018/3/1 12:00:00,6
C072,C072,C072,2018/3/1 12:00:00,7
C0B9,C0B9,C0B9,2018/3/1 12:00:00,8
C073,C073,C073,2018/3/1 12:00:00,9
C09C,C09C,C09C,2018/3/1 12:00:00,10
C08G,C08G,C08G,2018/3/1 12:00:00,11
C074,C074,C074,2018/3/1 12:00:00,12
C004,C004,C004,2018/3/1 12:00:00,13
C0FA,C0FA,C0FA,2018/3/1 12:00:00,14
C068,C068,C068,2018/3/1 12:00:00,1
C0IT,C0IT,C0IT,2018/3/1 12:00:00,2
C070,C070,C070,2018/3/1 12:00:00,3
C0BC,C0BC,C0BC,2018/3/1 12:00:00,4
C091,C091,C091,2018/3/1 12:00:00,5
C071,C071,C071,2018/3/1 12:00:00,6
C0B0,C0B0,C0B0,2018/3/1 12:00:00,7
C020,C020,C020,2018/3/1 12:00:00,8
C072,C072,C072,2018/3/1 12:00:00,9
C0C0,C0C0,C0C0,2018/3/1 12:00:00,10
C073,C073,C073,2018/3/1 12:00:00,11
C0F0,C0F0,C0F0,2018/3/1 12:00:00,12
C0GX,C0GX,C0GX,2018/3/1 12:00:00,13
C02G,C02G,C02G,2018/3/1 12:00:00,14
C022,C022,C022,2018/3/1 12:00:00,15
C074,C074,C074,2018/3/1 12:00:00,16
C09C,C09C,C09C,2018/3/1 12:00:00,17
C075,C075,C075,2018/3/1 12:00:00,19
C004,C004,C004,2018/3/1 12:00:00,20
C0FA,C0FA,C0FA,2018/3/1 12:00:00,21
C010,C010,C010,2018/3/1 12:00:00,1
C030,C030,C030,2018/3/1 12:00:00,2
C040,C040,C040,2018/3/1 12:00:00,3
C050,C050,C050,2018/3/1 12:00:00,4
C060,C060,C060,2018/3/1 12:00:00,5
C070,C070,C070,2018/3/1 12:00:00,6
C031,C031,C031,2018/3/1 12:00:00,7
C041,C041,C041,2018/3/1 12:00:00,8
C051,C051,C051,2018/3/1 12:00:00,9
C054,C054,C054,2018/3/1 12:00:00,10
C061,C061,C061,2018/3/1 12:00:00,11
C071,C071,C071,2018/3/1 12:00:00,12
C0F0,C0F0,C0F0,2018/3/1 12:00:00,13
C0B0,C0B0,C0B0,2018/3/1 12:00:00,14
C02G,C02G,C02G,2018/3/1 12:00:00,15
C020,C020,C020,2018/3/1 12:00:00,16
C068,C068,C068,2018/3/1 12:00:00,17
C0C0,C0C0,C0C0,2018/3/1 12:00:00,18
C0F1,C0F1,C0F1,2018/3/1 12:00:00,19
C0B1,C0B1,C0B1,2018/3/1 12:00:00,20
C02H,C02H,C02H,2018/3/1 12:00:00,21
C021,C021,C021,2018/3/1 12:00:00,22
C0B2,C0B2,C0B2,2018/3/1 12:00:00,23
C0JK,C0JK,C0JK,2018/3/1 12:00:00,24
C022,C022,C022,2018/3/1 12:00:00,25
C069,C069,C069,2018/3/1 12:00:00,26
C0C1,C0C1,C0C1,2018/3/1 12:00:00,27
C0DP,C0DP,C0DP,2018/3/1 12:00:00,28
C0JR,C0JR,C0JR,2018/3/1 12:00:00,29
C023,C023,C023,2018/3/1 12:00:00,30
C06A,C06A,C06A,2018/3/1 12:00:00,31
C0B3,C0B3,C0B3,2018/3/1 12:00:00,32
C0JS,C0JS,C0JS,2018/3/1 12:00:00,33
C024,C024,C024,2018/3/1 12:00:00,34
C0D6,C0D6,C0D6,2018/3/1 12:00:00,35
C025,C025,C025,2018/3/1 12:00:00,36
C004,C004,C004,2018/3/1 12:00:00,37
C072,C072,C072,2018/3/1 12:00:00,39
C0FA,C0FA,C0FA,2018/3/1 12:00:00,40
C020,C020,C020,2018/3/1 12:00:00,1
C061,C061,C061,2018/3/1 12:00:00,5
C07X,C07X,C07X,2018/3/1 12:00:00,6
C071,C071,C071,2018/3/1 12:00:00,7
C0B0,C0B0,C0B0,2018/3/1 12:00:00,8
C021,C021,C021,2018/3/1 12:00:00,9
C072,C072,C072,2018/3/1 12:00:00,10
C068,C068,C068,2018/3/1 12:00:00,11
C0C0,C0C0,C0C0,2018/3/1 12:00:00,12
CW06,CW06,CW06,2018/3/1 12:00:00,13
C073,C073,C073,2018/3/1 12:00:00,14
C0F0,C0F0,C0F0,2018/3/1 12:00:00,15
C069,C069,C069,2018/3/1 12:00:00,16
C0G7,C0G7,C0G7,2018/3/1 12:00:00,17
C02R,C02R,C02R,2018/3/1 12:00:00,19
C074,C074,C074,2018/3/1 12:00:00,20
C010,C010,C010,2018/3/1 12:00:00,21
C0GD,C0GD,C0GD,2018/3/1 12:00:00,22
C08G,C08G,C08G,2018/3/1 12:00:00,23
C075,C075,C075,2018/3/1 12:00:00,24
C0EK,C0EK,C0EK,2018/3/1 12:00:00,25
C076,C076,C076,2018/3/1 12:00:00,27
C004,C004,C004,2018/3/1 12:00:00,28
C0F1,C0F1,C0F1,2018/3/1 12:00:00,29
C02S,C02S,C02S,2018/3/1 12:00:00,30
C005,C005,C005,2018/3/1 12:00:00,31
C0FA,C0FA,C0FA,2018/3/1 12:00:00,32
C02R,C02R,C02R,2018/3/1 12:00:00,1
C0GS,C0GS,C0GS,2018/3/1 12:00:00,2
C0B0,C0B0,C0B0,2018/3/1 12:00:00,3
C020,C020,C020,2018/3/1 12:00:00,4
C0B1,C0B1,C0B1,2018/3/1 12:00:00,5
C021,C021,C021,2018/3/1 12:00:00,6
C070,C070,C070,2018/3/1 12:00:00,7
C068,C068,C068,2018/3/1 12:00:00,8
C0C0,C0C0,C0C0,2018/3/1 12:00:00,9
C071,C071,C071,2018/3/1 12:00:00,10
C072,C072,C072,2018/3/1 12:00:00,11
C0F1,C0F1,C0F1,2018/3/1 12:00:00,12
C069,C069,C069,2018/3/1 12:00:00,13
C0G7,C0G7,C0G7,2018/3/1 12:00:00,14
C02A-B,C02A-B,C02A-B,2018/3/1 12:00:00,15
C02S,C02S,C02S,2018/3/1 12:00:00,16
C073,C073,C073,2018/3/1 12:00:00,17
C010,C010,C010,2018/3/1 12:00:00,18
C074,C074,C074,2018/3/1 12:00:00,19
C0EK,C0EK,C0EK,2018/3/1 12:00:00,20
C0GA,C0GA,C0GA,2018/3/1 12:00:00,22
C075,C075,C075,2018/3/1 12:00:00,23
C004,C004,C004,2018/3/1 12:00:00,24
C0FA,C0FA,C0FA,2018/3/1 12:00:00,25
C01F,C01F,C01F,2018/3/1 12:00:00,1
C02R,C02R,C02R,2018/3/1 12:00:00,4
C07X,C07X,C07X,2018/3/1 12:00:00,10
C02S,C02S,C02S,2018/3/1 12:00:00,13
C06I,C06I,C06I,2018/3/1 12:00:00,14
C02T,C02T,C02T,2018/3/1 12:00:00,15
C0KQ,C0KQ,C0KQ,2018/3/1 12:00:00,17
C021,C021,C021,2018/3/1 12:00:00,18
C0DG,C0DG,C0DG,2018/3/1 12:00:00,19
C022,C022,C022,2018/3/1 12:00:00,20
C072,C072,C072,2018/3/1 12:00:00,21
C0F0,C0F0,C0F0,2018/3/1 12:00:00,22
C0GT,C0GT,C0GT,2018/3/1 12:00:00,23
C0M6,C0M6,C0M6,2018/3/1 12:00:00,24
C0M2,C0M2,C0M2,2018/3/1 12:00:00,25
C094-B,C094-B,C094-B,2018/3/1 12:00:00,27
C095,C095,C095,2018/3/1 12:00:00,28
C0M0,C0M0,C0M0,2018/3/1 12:00:00,29
C073,C073,C073,2018/3/1 12:00:00,30
C0F1,C0F1,C0F1,2018/3/1 12:00:00,31
C004,C004,C004,2018/3/1 12:00:00,32
C0FA,C0FA,C0FA,2018/3/1 12:00:00,33
C038,C038,C038,2018/3/1 12:00:00,1
C0BA,C0BA,C0BA,2018/3/1 12:00:00,2
C070-B,C070-B,C070-B,2018/3/1 12:00:00,3
C071-B,C071-B,C071-B,2018/3/1 12:00:00,5
C060,C060,C060,2018/3/1 12:00:00,6
C07X,C07X,C07X,2018/3/1 12:00:00,8
C01G,C01G,C01G,2018/3/1 12:00:00,10
C0F0-B,C0F0-B,C0F0-B,2018/3/1 12:00:00,15
C0HU-B,C0HU-B,C0HU-B,2018/3/1 12:00:00,16
C0FA,C0FA,C0FA,2018/3/1 12:00:00,17
C004-B,C004-B,C004-B,2018/3/1 12:00:00,18
C0B0,C0B0,C0B0,2018/3/1 12:00:00,1
C05P,C05P,C05P,2018/3/1 12:00:00,2
C0C0,C0C0,C0C0,2018/3/1 12:00:00,4
C0GW,C0GW,C0GW,2018/3/1 12:00:00,5
C020,C020,C020,2018/3/1 12:00:00,6
C0B1,C0B1,C0B1,2018/3/1 12:00:00,8
C0JL,C0JL,C0JL,2018/3/1 12:00:00,9
C0D6,C0D6,C0D6,2018/3/1 12:00:00,11
C0JM,C0JM,C0JM,2018/3/1 12:00:00,12
C073,C073,C073,2018/3/1 12:00:00,13
C09K,C09K,C09K,2018/3/1 12:00:00,14
C074,C074,C074,2018/3/1 12:00:00,15
C0F1,C0F1,C0F1,2018/3/1 12:00:00,16
C0K8,C0K8,C0K8,2018/3/1 12:00:00,17
C0FA,C0FA,C0FA,2018/3/1 12:00:00,18
C011,C011,C011,2018/3/1 12:00:00,2
C068,C068,C068,2018/3/1 12:00:00,4
C0B0,C0B0,C0B0,2018/3/1 12:00:00,5
C0HU,C0HU,C0HU,2018/3/1 12:00:00,7
C069,C069,C069,2018/3/1 12:00:00,8
C0CC,C0CC,C0CC,2018/3/1 12:00:00,9
C0DP,C0DP,C0DP,2018/3/1 12:00:00,10
C02G,C02G,C02G,2018/3/1 12:00:00,11
C08G,C08G,C08G,2018/3/1 12:00:00,12
C071,C071,C071,2018/3/1 12:00:00,13
C004,C004,C004,2018/3/1 12:00:00,14
C0K8,C0K8,C0K8,2018/3/1 12:00:00,15
C09U,C09U,C09U,2018/3/1 12:00:00,16
C094,C094,C094,2018/3/1 12:00:00,17
C0FB,C0FB,C0FB,2018/3/1 12:00:00,18
C09G,C09G,C09G,2018/3/1 12:00:00,19
C07E,C07E,C07E,2018/3/1 12:00:00,20
C0F0,C0F0,C0F0,2018/3/1 12:00:00,21
C0FA,C0FA,C0FA,2018/3/1 12:00:00,22
C020,C020,C020,2018/3/1 12:00:00,2
C068-B,C068-B,C068-B,2018/3/1 12:00:00,3
C0JG,C0JG,C0JG,2018/3/1 12:00:00,6
C09C,C09C,C09C,2018/3/1 12:00:00,7
C09D,C09D,C09D,2018/3/1 12:00:00,8
C08G,C08G,C08G,2018/3/1 12:00:00,9
C070,C070,C070,2018/3/1 12:00:00,10
C07E,C07E,C07E,2018/3/1 12:00:00,11
C004,C004,C004,2018/3/1 12:00:00,12
C0FA,C0FA,C0FA,2018/3/1 12:00:00,13
C08G,C08G,C08G,2018/3/1 12:00:00,8
C070,C070,C070,2018/3/1 12:00:00,9
C0GW,C0GW,C0GW,2018/3/1 12:00:00,10
C021,C021,C021,2018/3/1 12:00:00,11
C0GD,C0GD,C0GD,2018/3/1 12:00:00,12
C09D,C09D,C09D,2018/3/1 12:00:00,13
C07E,C07E,C07E,2018/3/1 12:00:00,14
C0F1,C0F1,C0F1,2018/3/1 12:00:00,15
C004,C004,C004,2018/3/1 12:00:00,16
C07K,C07K,C07K,2018/3/1 12:00:00,3
C0C0,C0C0,C0C0,2018/3/1 12:00:00,6
C0JG,C0JG,C0JG,2018/3/1 12:00:00,8
C09C,C09C,C09C,2018/3/1 12:00:00,9
C08G,C08G,C08G,2018/3/1 12:00:00,10
C071,C071,C071,2018/3/1 12:00:00,11
C0GS,C0GS,C0GS,2018/3/1 12:00:00,1
C0B0,C0B0,C0B0,2018/3/1 12:00:00,2
C070,C070,C070,2018/3/1 12:00:00,4
C0D6,C0D6,C0D6,2018/3/1 12:00:00,5
C0B1,C0B1,C0B1,2018/3/1 12:00:00,6
C02R,C02R,C02R,2018/3/1 12:00:00,8
C09M,C09M,C09M,2018/3/1 12:00:00,10
C0GE,C0GE,C0GE,2018/3/1 12:00:00,11
C0B2,C0B2,C0B2,2018/3/1 12:00:00,13
C0C0,C0C0,C0C0,2018/3/1 12:00:00,15
C0D7,C0D7,C0D7,2018/3/1 12:00:00,16
C020,C020,C020,2018/3/1 12:00:00,17
C074,C074,C074,2018/3/1 12:00:00,18
C0MB,C0MB,C0MB,2018/3/1 12:00:00,19
C0GD,C0GD,C0GD,2018/3/1 12:00:00,20
C0H0,C0H0,C0H0,2018/3/1 12:00:00,21
C0B3,C0B3,C0B3,2018/3/1 12:00:00,22
C0F1,C0F1,C0F1,2018/3/1 12:00:00,24
C094,C094,C094,2018/3/1 12:00:00,26
C0F2,C0F2,C0F2,2018/3/1 12:00:00,27
C0FA,C0FA,C0FA,2018/3/1 12:00:00,29
C094,C094,C094,2018/3/1 12:00:00,14
C070-B,C070-B,C070-B,2018/3/1 12:00:00,4
C050-B,C050-B,C050-B,2018/3/1 12:00:00,5
C0BA,C0BA,C0BA,2018/3/1 12:00:00,8
C072-B,C072-B,C072-B,2018/3/1 12:00:00,9
C051-B,C051-B,C051-B,2018/3/1 12:00:00,10
C07A-B,C07A-B,C07A-B,2018/3/1 12:00:00,11
C061,C061,C061,2018/3/1 12:00:00,12
C021,C021,C021,2018/3/1 12:00:00,14
C0D6,C0D6,C0D6,2018/3/1 12:00:00,15
C022,C022,C022,2018/3/1 12:00:00,16
C074,C074,C074,2018/3/1 12:00:00,17
C031,C031,C031,2018/3/1 12:00:00,19
C052-B,C052-B,C052-B,2018/3/1 12:00:00,20
C062-B,C062-B,C062-B,2018/3/1 12:00:00,21
C075,C075,C075,2018/3/1 12:00:00,22
C0F1,C0F1,C0F1,2018/3/1 12:00:00,23
C09C,C09C,C09C,2018/3/1 12:00:00,24
C07E,C07E,C07E,2018/3/1 12:00:00,25
C004,C004,C004,2018/3/1 12:00:00,26
C0FA,C0FA,C0FA,2018/3/1 12:00:00,27
C070,C070,C070,2018/3/1 12:00:00,2
C0GS,C0GS,C0GS,2018/3/1 12:00:00,3
C06E,C06E,C06E,2018/3/1 12:00:00,4
C02R,C02R,C02R,2018/3/1 12:00:00,5
C0D6,C0D6,C0D6,2018/3/1 12:00:00,6
C020,C020,C020,2018/3/1 12:00:00,7
C0B0,C0B0,C0B0,2018/3/1 12:00:00,9
C021,C021,C021,2018/3/1 12:00:00,10
C0C0,C0C0,C0C0,2018/3/1 12:00:00,11
C06F,C06F,C06F,2018/3/1 12:00:00,12
C02S,C02S,C02S,2018/3/1 12:00:00,14
C072,C072,C072,2018/3/1 12:00:00,15
C0DP,C0DP,C0DP,2018/3/1 12:00:00,16
C0GX,C0GX,C0GX,2018/3/1 12:00:00,17
C02G,C02G,C02G,2018/3/1 12:00:00,18
C073,C073,C073,2018/3/1 12:00:00,19
C06G,C06G,C06G,2018/3/1 12:00:00,22
C02T,C02T,C02T,2018/3/1 12:00:00,23
C069,C069,C069,2018/3/1 12:00:00,24
C0D7,C0D7,C0D7,2018/3/1 12:00:00,25
C074,C074,C074,2018/3/1 12:00:00,26
C023,C023,C023,2018/3/1 12:00:00,27
C075,C075,C075,2018/3/1 12:00:00,28
C038,C038,C038,2018/3/1 12:00:00,31
C048,C048,C048,2018/3/1 12:00:00,32
C076,C076,C076,2018/3/1 12:00:00,35
C08G,C08G,C08G,2018/3/1 12:00:00,36
C02V,C02V,C02V,2018/3/1 12:00:00,37
C077,C077,C077,2018/3/1 12:00:00,38
C0GT,C0GT,C0GT,2018/3/1 12:00:00,39
C094,C094,C094,2018/3/1 12:00:00,40
C07F,C07F,C07F,2018/3/1 12:00:00,41
C0F2,C0F2,C0F2,2018/3/1 12:00:00,42
C0I9,C0I9,C0I9,2018/3/1 12:00:00,43
C02W,C02W,C02W,2018/3/1 12:00:00,44
C004,C004,C004,2018/3/1 12:00:00,45
C0FA,C0FA,C0FA,2018/3/1 12:00:00,46
C072,C072,C072,2018/3/1 12:00:00,2
C051-B,C051-B,C051-B,2018/3/1 12:00:00,3
C062-B,C062-B,C062-B,2018/3/1 12:00:00,4
C073,C073,C073,2018/3/1 12:00:00,5
C02R,C02R,C02R,2018/3/1 12:00:00,6
C0D6,C0D6,C0D6,2018/3/1 12:00:00,7
C022-B,C022-B,C022-B,2018/3/1 12:00:00,8
C074,C074,C074,2018/3/1 12:00:00,9
C031,C031,C031,2018/3/1 12:00:00,11
C052-B,C052-B,C052-B,2018/3/1 12:00:00,12
C061-B,C061-B,C061-B,2018/3/1 12:00:00,13
C075,C075,C075,2018/3/1 12:00:00,14
C09C,C09C,C09C,2018/3/1 12:00:00,15
C08G,C08G,C08G,2018/3/1 12:00:00,16
C07E,C07E,C07E,2018/3/1 12:00:00,17
C0F1,C0F1,C0F1,2018/3/1 12:00:00,18
C004,C004,C004,2018/3/1 12:00:00,19
C0FA,C0FA,C0FA,2018/3/1 12:00:00,20
C08G,C08G,C08G,2018/3/1 12:00:00,6
C02S,C02S,C02S,2018/3/1 12:00:00,7
C0GS,C0GS,C0GS,2018/3/1 12:00:00,8
C061,C061,C061,2018/3/1 12:00:00,9
C02T,C02T,C02T,2018/3/1 12:00:00,10
C070,C070,C070,2018/3/1 12:00:00,12
C0B0,C0B0,C0B0,2018/3/1 12:00:00,13
C020,C020,C020,2018/3/1 12:00:00,14
C06E,C06E,C06E,2018/3/1 12:00:00,16
C071,C071,C071,2018/3/1 12:00:00,17
C0F0,C0F0,C0F0,2018/3/1 12:00:00,18
C02U,C02U,C02U,2018/3/1 12:00:00,19
C069,C069,C069,2018/3/1 12:00:00,20
C0KC,C0KC,C0KC,2018/3/1 12:00:00,21
C02V,C02V,C02V,2018/3/1 12:00:00,23
C038,C038,C038,2018/3/1 12:00:00,24
C048,C048,C048,2018/3/1 12:00:00,25
C051,C051,C051,2018/3/1 12:00:00,26
C01F,C01F,C01F,2018/3/1 12:00:00,27
C0GT,C0GT,C0GT,2018/3/1 12:00:00,28
C072,C072,C072,2018/3/1 12:00:00,29
C004,C004,C004,2018/3/1 12:00:00,30
C0FA,C0FA,C0FA,2018/3/1 12:00:00,31
C0B0,C0B0,C0B0,2018/3/1 12:00:00,12
C020,C020,C020,2018/3/1 12:00:00,13
C070,C070,C070,2018/3/1 12:00:00,14
C0B1,C0B1,C0B1,2018/3/1 12:00:00,15
C021,C021,C021,2018/3/1 12:00:00,16
C0C0,C0C0,C0C0,2018/3/1 12:00:00,17
C06F,C06F,C06F,2018/3/1 12:00:00,18
C071,C071,C071,2018/3/1 12:00:00,19
C0F0,C0F0,C0F0,2018/3/1 12:00:00,20
C02U,C02U,C02U,2018/3/1 12:00:00,21
C069,C069,C069,2018/3/1 12:00:00,22
C0KC,C0KC,C0KC,2018/3/1 12:00:00,23
C022,C022,C022,2018/3/1 12:00:00,24
C02V,C02V,C02V,2018/3/1 12:00:00,25
C038,C038,C038,2018/3/1 12:00:00,26
C048,C048,C048,2018/3/1 12:00:00,27
C051,C051,C051,2018/3/1 12:00:00,28
C010,C010,C010,2018/3/1 12:00:00,29
C0GT,C0GT,C0GT,2018/3/1 12:00:00,30
C072,C072,C072,2018/3/1 12:00:00,31
